<?xml version="1.0" encoding="utf-8"?>
<COLLADA xmlns="http://www.collada.org/2005/11/COLLADASchema" version="1.4.1" xmlns:xsi="http://www.w3.org/2001/XMLSchema-instance">
  <asset>
    <contributor>
      <author>Blender User</author>
      <authoring_tool>Blender 4.2.0 commit date:2024-07-16, commit time:06:20, hash:a51f293548ad</authoring_tool>
    </contributor>
    <created>2025-08-25T10:09:54</created>
    <modified>2025-08-25T10:09:54</modified>
    <unit name="meter" meter="1"/>
    <up_axis>Z_UP</up_axis>
  </asset>
  <library_cameras>
    <camera id="Camera_001-camera" name="Camera.001">
      <optics>
        <technique_common>
          <perspective>
            <xfov sid="xfov">39.59775</xfov>
            <aspect_ratio>1.777778</aspect_ratio>
            <znear sid="znear">0.1</znear>
            <zfar sid="zfar">100</zfar>
          </perspective>
        </technique_common>
      </optics>
      <extra>
        <technique profile="blender">
          <shiftx sid="shiftx" type="float">0</shiftx>
          <shifty sid="shifty" type="float">0</shifty>
          <dof_distance sid="dof_distance" type="float">10</dof_distance>
        </technique>
      </extra>
    </camera>
    <camera id="Camera-camera" name="Camera">
      <optics>
        <technique_common>
          <perspective>
            <xfov sid="xfov">39.59775</xfov>
            <aspect_ratio>1.777778</aspect_ratio>
            <znear sid="znear">0.1</znear>
            <zfar sid="zfar">100</zfar>
          </perspective>
        </technique_common>
      </optics>
      <extra>
        <technique profile="blender">
          <shiftx sid="shiftx" type="float">0</shiftx>
          <shifty sid="shifty" type="float">0</shifty>
          <dof_distance sid="dof_distance" type="float">10</dof_distance>
        </technique>
      </extra>
    </camera>
  </library_cameras>
  <library_lights>
    <light id="Light_001-light" name="Light.001">
      <technique_common>
        <point>
          <color sid="color">1000 1000 1000</color>
          <constant_attenuation>1</constant_attenuation>
          <linear_attenuation>0</linear_attenuation>
          <quadratic_attenuation>0</quadratic_attenuation>
        </point>
      </technique_common>
      <extra>
        <technique profile="blender">
          <type sid="type" type="int">0</type>
          <flag sid="flag" type="int">0</flag>
          <mode sid="mode" type="int">2097153</mode>
          <red sid="red" type="float">1</red>
          <green sid="green" type="float">1</green>
          <blue sid="blue" type="float">1</blue>
          <shadow_r sid="blender_shadow_r" type="float">0</shadow_r>
          <shadow_g sid="blender_shadow_g" type="float">0</shadow_g>
          <shadow_b sid="blender_shadow_b" type="float">0</shadow_b>
          <energy sid="blender_energy" type="float">1000</energy>
          <spotsize sid="spotsize" type="float">75</spotsize>
          <spotblend sid="spotblend" type="float">0.15</spotblend>
          <clipsta sid="clipsta" type="float">0.04999995</clipsta>
          <clipend sid="clipend" type="float">30.002</clipend>
          <bias sid="bias" type="float">1</bias>
          <radius sid="radius" type="float">0.1</radius>
          <area_shape sid="area_shape" type="int">1</area_shape>
          <area_size sid="area_size" type="float">0.1</area_size>
          <area_sizey sid="area_sizey" type="float">0.1</area_sizey>
          <area_sizez sid="area_sizez" type="float">1</area_sizez>
        </technique>
      </extra>
    </light>
    <light id="Light-light" name="Light">
      <technique_common>
        <point>
          <color sid="color">1000 1000 1000</color>
          <constant_attenuation>1</constant_attenuation>
          <linear_attenuation>0</linear_attenuation>
          <quadratic_attenuation>0</quadratic_attenuation>
        </point>
      </technique_common>
      <extra>
        <technique profile="blender">
          <type sid="type" type="int">0</type>
          <flag sid="flag" type="int">0</flag>
          <mode sid="mode" type="int">2097153</mode>
          <red sid="red" type="float">1</red>
          <green sid="green" type="float">1</green>
          <blue sid="blue" type="float">1</blue>
          <shadow_r sid="blender_shadow_r" type="float">0</shadow_r>
          <shadow_g sid="blender_shadow_g" type="float">0</shadow_g>
          <shadow_b sid="blender_shadow_b" type="float">0</shadow_b>
          <energy sid="blender_energy" type="float">1000</energy>
          <spotsize sid="spotsize" type="float">75</spotsize>
          <spotblend sid="spotblend" type="float">0.15</spotblend>
          <clipsta sid="clipsta" type="float">0.04999995</clipsta>
          <clipend sid="clipend" type="float">30.002</clipend>
          <bias sid="bias" type="float">1</bias>
          <radius sid="radius" type="float">0.1</radius>
          <area_shape sid="area_shape" type="int">1</area_shape>
          <area_size sid="area_size" type="float">0.1</area_size>
          <area_sizey sid="area_sizey" type="float">0.1</area_sizey>
          <area_sizez sid="area_sizez" type="float">1</area_sizez>
        </technique>
      </extra>
    </light>
  </library_lights>
  <library_effects>
    <effect id="cup-effect">
      <profile_COMMON>
        <technique sid="common">
          <lambert>
            <emission>
              <color sid="emission">0 0 0 1</color>
            </emission>
            <diffuse>
              <color sid="diffuse">0.8007592 0.3445978 0.07351219 1</color>
            </diffuse>
            <index_of_refraction>
              <float sid="ior">1.5</float>
            </index_of_refraction>
          </lambert>
        </technique>
      </profile_COMMON>
    </effect>
  </library_effects>
  <library_images/>
  <library_materials>
    <material id="cup-material" name="cup">
      <instance_effect url="#cup-effect"/>
    </material>
  </library_materials>
  <library_geometries>
    <geometry id="cup_lp-mesh" name="cup_lp">
      <mesh>
        <source id="cup_lp-mesh-positions">
          <float_array id="cup_lp-mesh-positions-array" count="3036">0.03972995 0.04724377 0.001937448 0.03972995 0.04724377 -0.0149551 0.0421319 0.04724377 0.002415359 0.0421319 0.04724377 -0.01543295 0.04136896 -0.05260312 0.002263665 0.04136896 -0.05260312 -0.0152812 0.07579791 -0.02218031 -3.22685e-4 0.07579791 -0.02218031 -0.01269483 0.07547485 0.02498555 -0.01269483 0.07547485 0.02498555 -3.22685e-4 0.04367291 0.01997202 0.003714263 0.04356396 0.03450596 0.002600789 0.04521989 0.01623696 -0.006508767 0.04367291 0.01997202 -0.01673185 0.04356396 0.03450596 -0.01561838 0.04390597 -0.02325493 0.003714263 0.04379594 -0.03790897 0.002600789 0.04554295 -0.01951986 -0.006508708 0.04390597 -0.02325493 -0.01673185 0.04379594 -0.03790897 -0.01561838 0.06876885 -0.01647573 -0.006508708 0.0701189 -0.01761662 0.001223742 0.06979596 0.02042186 -0.01424133 0.0701189 -0.01761662 -0.01424133 0.06979596 0.02042186 0.001223742 0.06844592 0.01928097 -0.006508767 0.0528649 0.03434175 -0.01269483 0.05185091 0.02749627 0.001223742 0.0528649 0.03434175 -3.22686e-4 0.05194687 0.02578496 -0.006508767 0.05185091 0.02749627 -0.01424133 0.05415689 -0.03640717 -3.22685e-4 0.0531429 -0.02956151 0.001223742 0.05415689 -0.03640717 -0.01269483 0.0531429 -0.02956151 -0.01424133 0.05323886 -0.02785015 -0.006508708 -0.02392911 -0.05260312 -0.04616385 -0.01578509 -0.05260312 -0.04953736 -0.03749108 -0.05260312 -0.03503376 -0.0312581 -0.05260312 -0.04126709 -0.04576206 -0.05260312 -0.01956093 -0.04238808 -0.05260312 -0.02770525 -0.04748106 -0.05260312 -0.002101063 -0.04748106 -0.05260312 -0.01091641 -0.04238808 -0.05260312 0.01468765 -0.04576206 -0.05260312 0.006543397 -0.0312581 -0.05260312 0.02824956 -0.03749108 -0.05260312 0.02201616 -0.01578509 -0.05260312 0.03651976 -0.02392911 -0.05260312 0.03314632 0.00167489 -0.05260312 0.0382393 -0.007141113 -0.05260312 0.0382393 0.01846289 -0.05260312 0.03314626 0.01031887 -0.05260312 0.03651976 0.03202486 -0.05260312 0.02201616 0.02579188 -0.05260312 0.02824956 0.04029595 -0.05260312 0.006543397 0.03692185 -0.05260312 0.01468765 0.04201495 -0.05260312 -0.01091641 0.04222989 -0.05260312 -0.006508708 0.04201495 -0.05260312 -0.002101063 0.03692185 -0.05260312 -0.02770525 0.04029595 -0.05260312 -0.01956093 0.02579188 -0.05260312 -0.04126709 0.03202486 -0.05260312 -0.03503376 0.01031887 -0.05260312 -0.04953736 0.01846289 -0.05260312 -0.04616385 -0.007141113 -0.05260312 -0.05125683 0.00167489 -0.05260312 -0.05125683 -0.02429604 0.04724377 -0.04684978 -0.01601111 0.04724377 -0.05028158 -0.03809309 0.04724377 -0.03552711 -0.03175103 0.04724377 -0.04186832 -0.04650604 0.04724377 -0.01978671 -0.04307413 0.04724377 -0.02807188 -0.04825508 0.04724377 -0.002024829 -0.04825508 0.04724377 -0.01099264 -0.04307413 0.04724377 0.01505428 -0.04650604 0.04724377 0.00676912 -0.03175103 0.04724377 0.02885073 -0.03809309 0.04724377 0.02250951 -0.01601111 0.04724377 0.03726398 -0.02429604 0.04724377 0.03383219 0.001750946 0.04724377 0.03901326 -0.007217049 0.04724377 0.0390132 0.01882994 0.04724377 0.03383213 0.01054489 0.04724377 0.03726398 0.03262686 0.04724377 0.02250951 0.02628493 0.04724377 0.02885073 0.04103994 0.04724377 0.00676912 0.0376079 0.04724377 0.01505428 0.04278886 0.04724377 -0.01099264 0.04300796 0.04724383 -0.006508767 0.04278886 0.04724377 -0.002024829 0.0376079 0.04724377 -0.02807188 0.04103994 0.04724377 -0.01978671 0.02628493 0.04724377 -0.04186832 0.03262686 0.04724377 -0.03552711 0.01054489 0.04724377 -0.05028158 0.01882994 0.04724377 -0.04684978 -0.007217049 0.04724377 -0.0520308 0.001750946 0.04724377 -0.05203086 0.04272294 0.04563838 0.002532958 0.04265797 0.04639357 0.002519905 0.04247891 0.04691064 0.00248444 0.04272294 0.04563838 -0.01555055 0.04265797 0.04639357 -0.0155375 0.04247891 0.04691064 -0.01550203 -0.02314102 0.04724377 -0.04468953 -0.01530003 0.04724377 -0.04793757 -0.03619909 0.04724377 -0.03397321 -0.03019809 0.04724377 -0.0399748 -0.04416203 0.04724377 -0.01907569 -0.04091405 0.04724377 -0.02691715 -0.04581713 0.04724377 -0.002264976 -0.04581713 0.04724377 -0.01075249 -0.04091405 0.04724377 0.01389956 -0.04416203 0.04724377 0.006058096 -0.03019809 0.04724377 0.02695721 -0.03619909 0.04724377 0.02095562 -0.01530003 0.04724377 0.03491997 -0.02314102 0.04724377 0.03167194 0.001510858 0.04724377 0.03657555 -0.006977081 0.04724377 0.03657555 0.01767492 0.04724377 0.03167194 0.009833931 0.04724377 0.03491997 0.03073287 0.04724377 0.02095562 0.02473187 0.04724377 0.02695721 0.03869593 0.04724377 0.006058096 0.03544795 0.04724377 0.01389956 0.04035091 0.04724377 -0.01075249 0.04055893 0.04724383 -0.006508767 0.04035091 0.04724377 -0.002264976 0.03544795 0.04724377 -0.02691715 0.03869593 0.04724377 -0.01907569 0.02473187 0.04724377 -0.0399748 0.03073287 0.04724377 -0.03397321 0.009833931 0.04724377 -0.04793757 0.01767492 0.04724377 -0.04468953 -0.006977081 0.04724377 -0.04959315 0.001510858 0.04724377 -0.04959315 0.0402739 0.04743826 0.00204575 0.0402739 0.04743826 -0.01506334 0.03647089 -0.04083913 0.001289367 0.03456997 -0.04506331 9.11186e-4 0.03196489 -0.04641282 3.92988e-4 0.03647089 -0.04083913 -0.01430696 0.03456997 -0.04506331 -0.01392871 0.03196489 -0.04641282 -0.0134105 -0.002733111 -0.04898852 -0.006508708 -0.002733111 -0.04644477 -0.006508708 0.04215788 -0.05251175 0.002420425 0.04256188 -0.05210041 0.002500951 0.04215788 -0.05251175 -0.01543802 0.04256188 -0.05210041 -0.01551854 0.03938186 0.04668647 -0.01488602 0.03938186 0.04668647 0.001868426 0.05823087 0.03470927 -0.01269483 0.06442999 0.03408545 -0.01269483 0.07049894 0.03125077 -0.01269483 0.04871487 0.02705496 0.001256048 0.0465759 0.02624922 0.001482069 0.04506587 0.02440935 0.002122461 0.05941796 -0.03567117 -3.22685e-4 0.06535887 -0.03371554 -3.22685e-4 0.07110989 -0.02954906 -3.22685e-4 0.05823087 0.03470927 -3.22685e-4 0.06442999 0.03408545 -3.22686e-4 0.07049894 0.03125077 -3.22686e-4 0.07627689 0.02562737 -0.009891748 0.07654488 0.02584123 -0.006508767 0.07627689 0.02562737 -0.003125727 0.0766009 -0.02282214 -0.003125727 0.07686793 -0.02303606 -0.006508708 0.0766009 -0.02282214 -0.009891748 0.07869386 -0.01115185 -0.01269483 0.0785619 0.01464194 -0.01269483 0.04989993 -0.02982425 0.001256048 0.04749488 -0.02937996 0.001482069 0.04564392 -0.02767324 0.002122461 0.04903292 0.02529323 -0.006508767 0.0471009 0.02413487 -0.006508767 0.04591 0.02141445 -0.006508767 0.05023992 -0.03677082 -0.01273292 0.04749286 -0.03703373 -0.01299953 0.0455259 -0.03733217 -0.01375359 0.0435189 0.02596312 0.004892945 0.04346692 0.02967745 0.005112349 0.04348087 0.03237307 0.004507601 0.04989993 -0.02982425 -0.01427364 0.04749488 -0.02937996 -0.01449966 0.04564392 -0.02767324 -0.01514005 0.04450488 0.01760452 6.94805e-4 0.04493486 0.01663208 -0.001804172 0.04515492 0.01628637 -0.004180848 0.0435189 0.02596312 -0.01791059 0.04346692 0.02967745 -0.01812994 0.04348087 0.03237313 -0.01752519 0.04421889 0.03535038 -0.01090842 0.04439294 0.03557395 -0.006508767 0.04421889 0.03535038 -0.00210905 0.04515492 0.01628637 -0.008836627 0.04493486 0.01663208 -0.0112133 0.04450488 0.01760452 -0.01371234 0.03815686 0.03020668 -0.02837455 0.04188287 0.03020668 -0.02045512 -0.01618909 0.03020668 -0.05086755 -0.02458512 0.03020668 -0.0473898 0.01072287 0.03020668 -0.05086755 -0.007277131 0.03020668 -0.05264025 0.01072287 0.03020668 0.03784996 0.02667391 0.03020668 0.02932411 0.04188287 0.03020668 0.007437527 0.03815686 0.03020668 0.01535606 -0.04886412 -0.03235024 -0.01105266 0.03309988 -0.03235024 0.02289801 0.02667391 -0.03235024 0.02932411 -0.04709208 -0.03235024 -0.01996445 0.01072287 -0.03235024 -0.05086755 0.0191189 -0.03235024 -0.0473898 0.001810908 -0.03235024 0.03962266 0.04201793 -0.03235024 -0.02053678 0.04380691 -0.02924764 -0.01791054 0.0437709 -0.03297287 -0.01812994 0.04376888 -0.03569912 -0.01752519 0.03816187 -0.03235024 -0.02837717 -0.03856611 -0.03235024 0.02289801 -0.03214001 -0.03235024 0.02932411 0.04479396 -0.02088743 -0.01371234 0.04524791 -0.01991492 -0.0112133 0.04547691 -0.01956921 -0.008836627 0.04547691 -0.01956921 -0.004180848 0.04524791 -0.01991492 -0.001804172 0.04479396 -0.02088743 6.94805e-4 0.04380691 -0.02924764 0.004893004 0.0437709 -0.03297287 0.005112349 0.04376888 -0.03569912 0.004507601 0.0445069 -0.03878223 -0.00210905 0.04469692 -0.03901374 -0.006508708 0.0445069 -0.03878223 -0.01090842 -0.04709208 -0.03235024 0.006946861 0.04201793 -0.03235024 0.007519185 0.03816187 -0.03235024 0.01536047 0.04311788 -0.03934592 0.002559185 0.04311788 -0.03934592 -0.01557677 0.05711495 -0.02715873 -0.006508708 0.06138491 -0.02551513 -0.006508708 0.06546497 -0.02219551 -0.006508708 0.07869386 -0.01115185 -3.22685e-4 0.0785619 0.01464194 -3.22684e-4 0.05616092 0.02789944 -0.01424133 0.06108391 0.02752512 -0.01424133 0.06587696 0.02536797 -0.01424133 0.07235789 -0.008656144 0.001223742 0.07222688 0.01214617 0.001223742 0.07080495 -0.008032143 -0.006508708 0.07067394 0.01152235 -0.006508767 0.07222688 0.01214617 -0.01424133 0.07235789 -0.008656144 -0.01424133 0.07450592 -0.02114641 -0.01445883 0.07294893 -0.01989853 -0.01520794 0.07139694 -0.01865065 -0.01508712 0.06845998 0.01929873 -0.00880438 0.06859588 0.01942354 -0.01095497 0.06899392 0.01976227 -0.01281565 0.07418286 0.02395164 -0.01445883 0.07262587 0.02270376 -0.01520794 0.07107388 0.02145582 -0.01508712 0.06878292 -0.01649361 -0.00880438 0.06891894 -0.01661843 -0.01095497 0.06931686 -0.01695704 -0.01281565 0.06899392 0.01976227 -2.01863e-4 0.06859588 0.01942354 -0.002062499 0.06845998 0.01929885 -0.004213094 0.07450592 -0.02114641 0.00144124 0.07294893 -0.01989853 0.002190351 0.07139694 -0.01865065 0.002069532 0.06931686 -0.01695704 -2.01864e-4 0.06891894 -0.01661843 -0.002062499 0.06878292 -0.01649361 -0.004213094 0.07418286 0.02395164 0.00144124 0.07262587 0.02270376 0.002190351 0.07107388 0.02145582 0.002069532 0.04494786 0.03402507 -0.01375359 0.04657387 0.03389066 -0.01299959 0.04905486 0.03399997 -0.01273292 0.06587696 0.02536797 0.001223742 0.06108391 0.02752512 0.001223742 0.05616092 0.02789938 0.001223742 0.04494786 0.03402507 7.36077e-4 0.04657387 0.03389066 -1.79554e-5 0.04905486 0.03399997 -2.84594e-4 0.0648539 0.02389717 -0.006508767 0.06045687 0.02588516 -0.006508767 0.05592894 0.02619695 -0.006508767 0.04506587 0.02440935 -0.01514005 0.0465759 0.02624922 -0.01449966 0.04871487 0.02705508 -0.01427364 0.05260789 0.03279083 -0.01445883 0.05230998 0.03091907 -0.01520794 0.05203592 0.02904725 -0.01508712 0.05203592 0.02904725 0.002069532 0.05230998 0.03091907 0.002190351 0.05260789 0.03279083 0.00144124 0.05190896 0.02581167 -0.004213094 0.05183887 0.02599883 -0.002062499 0.05179893 0.02650696 -2.01862e-4 0.05302488 0.03530442 -0.003125727 0.05307888 0.03562527 -0.006508767 0.05302488 0.03530442 -0.009891748 0.05179893 0.02650696 -0.01281565 0.05183887 0.02599883 -0.01095497 0.05190896 0.02581167 -0.00880438 0.0455259 -0.03733217 7.36077e-4 0.04749286 -0.03703373 -1.79557e-5 0.05023992 -0.03677082 -2.84595e-4 0.06648695 -0.02366614 0.001223742 0.06201195 -0.02715522 0.001223742 0.05734694 -0.02886122 0.001223742 0.07110989 -0.02954906 -0.01269483 0.06535887 -0.03371554 -0.01269483 0.05941796 -0.03567117 -0.01269483 0.06648695 -0.02366614 -0.01424133 0.06201195 -0.02715522 -0.01424133 0.05734694 -0.02886122 -0.01424133 0.04652094 -0.02467823 -0.006508708 0.04802989 -0.02726554 -0.006508708 0.05021893 -0.02806252 -0.006508708 0.05309092 -0.02857214 -2.01864e-4 0.05313086 -0.02806413 -0.002062499 0.05320096 -0.02787697 -0.004213094 0.05332791 -0.03111255 -0.01508712 0.05360186 -0.03298431 -0.01520794 0.05390095 -0.03485614 -0.01445883 0.05431687 -0.03736972 -0.009891748 0.05437088 -0.03769063 -0.006508708 0.05431687 -0.03736972 -0.003125727 0.05320096 -0.02787697 -0.00880438 0.05313086 -0.02806413 -0.01095497 0.05309092 -0.02857214 -0.01281565 0.05390095 -0.03485614 0.00144124 0.05360186 -0.03298431 0.002190351 0.05332791 -0.03111255 0.002069532 0.04303491 0.03575783 0.002559185 0.04274392 0.03763318 0.0025357 0.04303491 0.03575783 -0.01557677 0.04274392 0.03763318 -0.01555329 0.001809954 0.04563838 -0.05263072 -0.007276058 0.04563838 -0.05263072 0.001802921 0.04639357 -0.05256408 -0.007269144 0.04639357 -0.05256408 0.001785874 0.04691064 -0.05238318 -0.007252097 0.04691064 -0.05238312 0.04338896 0.04563838 -0.01105171 0.04332196 0.04639357 -0.01104515 0.04314088 0.04691076 -0.01102733 0.04361093 0.04563838 -0.006508767 0.04354393 0.04639357 -0.006508767 0.0433619 0.04691064 -0.006508767 0.04338896 0.04563838 -0.001965761 0.04332196 0.04639357 -0.001972317 0.04314088 0.04691064 -0.001990139 -0.03213405 0.04563838 0.02931666 -0.03209114 0.04639357 0.02926492 -0.0319761 0.04691076 0.02912437 -0.03855812 0.04563838 0.02289193 -0.0385071 0.04639357 0.0228495 -0.03836607 0.04691064 0.0227341 0.03813993 0.04563838 -0.02835601 0.03808093 0.04639357 -0.02832448 0.03791999 0.04691076 -0.02823877 0.04161691 0.04563838 -0.01996171 0.0415529 0.04639357 -0.01994228 0.04137885 0.04691064 -0.01988947 -0.01618611 0.04563838 0.03784084 -0.01616609 0.04639357 0.0377767 -0.01611411 0.04691076 0.03760278 -0.02458 0.04563838 0.0343638 -0.02454912 0.04639357 0.03430473 -0.02446305 0.04691064 0.0341444 -0.007219076 -0.05251175 -0.05205661 -0.007260084 -0.05210041 -0.05246734 0.001752972 -0.05251175 -0.05205661 0.001793861 -0.05210041 -0.05246734 -0.02458 0.04563838 -0.0473814 -0.02454912 0.04639357 -0.04732233 -0.02446305 0.04691076 -0.04716199 -0.01618611 0.04563838 -0.05085843 -0.01616609 0.04639357 -0.05079436 -0.01611411 0.04691064 -0.05062037 0.001809954 0.04563838 0.03961312 0.001802921 0.04639357 0.03954648 0.001785874 0.04691076 0.03936553 -0.007276058 0.04563838 0.03961312 -0.007269144 0.04639357 0.03954648 -0.007252097 0.04691064 0.03936553 0.01071989 0.04563838 -0.05085843 0.01069998 0.04639357 -0.05079436 0.01064789 0.04691076 -0.05062037 0.01911389 0.04563838 -0.0473814 0.0190829 0.04639357 -0.04732233 0.01899695 0.04691064 -0.04716199 -0.03855812 0.04563838 -0.03590953 -0.0385071 0.04639357 -0.03586703 -0.03836607 0.04691076 -0.0357517 -0.03213405 0.04563838 -0.04233431 -0.03209114 0.04639357 -0.04228252 -0.0319761 0.04691064 -0.04214197 0.01911389 0.04563838 0.0343638 0.0190829 0.04639357 0.03430473 0.01899695 0.04691076 0.0341444 0.01071989 0.04563838 0.03784084 0.01069998 0.04639357 0.0377767 0.01064789 0.04691064 0.03760278 -0.04708313 0.04563838 -0.01996171 -0.04701912 0.04639357 -0.01994228 -0.04684507 0.04691076 -0.01988947 -0.04360604 0.04563838 -0.02835601 -0.04354703 0.04639357 -0.02832448 -0.0433861 0.04691064 -0.02823877 0.0330919 0.04563838 0.02289193 0.03304088 0.04639357 0.0228495 0.03289997 0.04691076 0.0227341 0.02666795 0.04563838 0.02931666 0.02662491 0.04639357 0.02926492 0.02651 0.04691064 0.02912437 -0.04885506 0.04563838 -0.001965761 -0.04878807 0.04639357 -0.001972317 -0.04860711 0.04691076 -0.001990139 -0.04885506 0.04563838 -0.01105171 -0.04878807 0.04639357 -0.01104515 -0.04860711 0.04691064 -0.01102733 -0.007031083 0.04743826 -0.05014544 0.00156486 0.04743826 -0.05014544 -0.02340304 0.04743826 -0.04517894 -0.01546108 0.04743826 -0.04846864 -0.03662812 0.04743826 -0.0343253 -0.03055 0.04743826 -0.04040384 -0.04469311 0.04743826 -0.0192368 -0.04140305 0.04743826 -0.02717876 -0.04637002 0.04743826 -0.002210557 -0.04637002 0.04743826 -0.01080691 -0.04140305 0.04743826 0.01416116 -0.04469311 0.04743826 0.006219148 -0.03055 0.04743826 0.02738624 -0.03662812 0.04743826 0.02130764 -0.01546108 0.04743826 0.03545105 -0.02340304 0.04743826 0.03216135 0.00156486 0.04743826 0.03712785 -0.007031083 0.04743826 0.03712785 0.01793694 0.04743826 0.03216135 0.009994864 0.04743826 0.03545105 0.0311619 0.04743826 0.0213077 0.02508389 0.04743826 0.02738624 0.03922688 0.04743826 0.006219208 0.03593695 0.04743826 0.01416116 0.04090392 0.04743826 -0.01080691 0.04111397 0.04743826 -0.006508767 0.04090392 0.04743826 -0.002210557 0.03593695 0.04743826 -0.02717876 0.03922688 0.04743826 -0.0192368 0.02508389 0.04743826 -0.04040384 0.0311619 0.04743826 -0.03432524 0.009994864 0.04743826 -0.04846864 0.01793694 0.04743826 -0.04517894 -0.04382312 0.04668647 0.005955338 -0.04060113 0.04668647 0.01373267 -0.03592503 0.04668647 0.02073103 -0.02997303 0.04668647 0.02668356 -0.006942033 0.04668647 -0.04924082 0.00147593 0.04668647 -0.04924082 0.03045892 0.04668647 -0.03374862 0.02450692 0.04668647 -0.03970116 -0.006201028 -0.04641282 -0.04171437 7.34925e-4 -0.04641282 -0.04171437 -0.006461143 -0.04506331 -0.04435765 9.94921e-4 -0.04506331 -0.04435765 -0.006651043 -0.04083913 -0.04628711 0.00118494 -0.04083913 -0.04628711 -0.01940906 -0.04641282 -0.03770744 -0.01300203 -0.04641282 -0.04036152 -0.02066111 -0.04506331 -0.04004991 -0.01377308 -0.04506331 -0.04290324 -0.02157509 -0.04083913 -0.04175978 -0.0143361 -0.04083913 -0.04475861 -0.03007912 -0.04641282 -0.02895081 -0.02517509 -0.04641282 -0.0338549 -0.03213202 -0.04506331 -0.03063583 -0.02685999 -0.04506331 -0.0359081 -0.03363108 -0.04083913 -0.03186577 -0.02809 -0.04083913 -0.03740686 -0.03658604 -0.04641282 -0.01677757 -0.03393208 -0.04641282 -0.02318513 -0.03912711 -0.04506331 -0.01754856 -0.03627407 -0.04506331 -0.02443718 -0.04098308 -0.04083913 -0.0181114 -0.03798413 -0.04083913 -0.02535116 -0.03793907 -0.04641282 -0.003041028 -0.03793907 -0.04641282 -0.009976446 -0.04058206 -0.04506331 -0.002780616 -0.04058206 -0.04506331 -0.01023679 -0.0425111 -0.04083913 -0.002590596 -0.0425111 -0.04083913 -0.01042687 -0.03393208 -0.04641282 0.01016753 -0.03658604 -0.04641282 0.00375998 -0.03627407 -0.04506331 0.01141959 -0.03912711 -0.04506331 0.004531025 -0.03798413 -0.04083913 0.01233357 -0.04098308 -0.04083913 0.005093812 -0.02517509 -0.04641282 0.0208373 -0.03007912 -0.04641282 0.01593321 -0.02685999 -0.04506331 0.02289056 -0.03213202 -0.04506331 0.01761823 -0.02809 -0.04083913 0.02438926 -0.03363108 -0.04083913 0.01884818 -0.01300203 -0.04641282 0.02734392 -0.01940906 -0.04641282 0.02468985 -0.01377308 -0.04506331 0.0298857 -0.02066111 -0.04506331 0.02703231 -0.0143361 -0.04083913 0.03174102 -0.02157509 -0.04083913 0.02874219 7.34925e-4 -0.04641282 0.02869677 -0.006201028 -0.04641282 0.02869677 9.94921e-4 -0.04506331 0.03134006 -0.006461143 -0.04506331 0.03134006 0.00118494 -0.04083913 0.03326958 -0.006651043 -0.04083913 0.03326958 0.01394295 -0.04641282 0.02468985 0.007535934 -0.04641282 0.02734392 0.01519489 -0.04506331 0.02703231 0.00830686 -0.04506331 0.02988564 0.01610887 -0.04083913 0.02874219 0.008869886 -0.04083913 0.03174102 0.0246129 -0.04641282 0.01593321 0.01970887 -0.04641282 0.0208373 0.02666592 -0.04506331 0.01761823 0.02139389 -0.04506331 0.02289056 0.02816486 -0.04083913 0.01884818 0.02262389 -0.04083913 0.02438926 0.03111994 -0.04641282 0.00375998 0.02846586 -0.04641282 0.01016753 0.03366088 -0.04506331 0.004531025 0.03080797 -0.04506331 0.01141959 0.03551685 -0.04083913 0.005093812 0.03251791 -0.04083913 0.01233357 0.03247296 -0.04641282 -0.009976446 0.03264188 -0.04641282 -0.006508708 0.03247296 -0.04641282 -0.003041028 0.03511595 -0.04506331 -0.01023679 0.03529787 -0.04506331 -0.006508708 0.03511595 -0.04506331 -0.002780616 0.03704488 -0.04083913 -0.01042687 0.03723692 -0.04083913 -0.006508708 0.03704488 -0.04083913 -0.002590596 0.02846586 -0.04641282 -0.02318507 0.03111994 -0.04641282 -0.01677757 0.03080797 -0.04506331 -0.02443718 0.03366088 -0.04506331 -0.01754856 0.03251791 -0.04083913 -0.02535116 0.03551685 -0.04083913 -0.0181114 0.01970887 -0.04641282 -0.0338549 0.0246129 -0.04641282 -0.02895081 0.02139389 -0.04506331 -0.0359081 0.02666592 -0.04506331 -0.03063583 0.02262389 -0.04083913 -0.03740686 0.02816486 -0.04083913 -0.03186577 0.007535934 -0.04641282 -0.04036152 0.01394295 -0.04641282 -0.03770744 0.00830686 -0.04506331 -0.04290324 0.01519489 -0.04506331 -0.04004991 0.008869886 -0.04083913 -0.04475861 0.01610887 -0.04083913 -0.04175978 0.04511797 0.03497457 -0.002568483 0.04663693 0.03485095 -0.002949714 0.04912793 0.03496235 -0.003103733 0.04520094 0.03526324 -0.006508767 0.04666793 0.03516316 -0.006508767 0.04915297 0.03528213 -0.006508767 0.04511797 0.03497457 -0.01044899 0.04663693 0.03485095 -0.01006776 0.04912793 0.03496235 -0.009913742 0.03813993 0.04563838 0.01533842 0.04161691 0.04563838 0.006944119 0.03808093 0.04639357 0.01530689 0.0415529 0.04639357 0.006924629 0.03791999 0.04691064 0.01522117 0.04137885 0.04691064 0.006871879 -0.04360604 0.04563838 0.01533842 -0.04354703 0.04639357 0.01530683 -0.0433861 0.04691076 0.01522117 -0.04708313 0.04563838 0.006944119 -0.04701912 0.04639357 0.006924629 -0.04684507 0.04691064 0.006871879 -0.04828107 -0.05251175 -0.01099514 -0.04828107 -0.05251175 -0.002022325 -0.0486921 -0.05210041 -0.01103562 -0.0486921 -0.05210041 -0.001981854 0.02630186 -0.05251175 0.02887076 0.03264689 -0.05251175 0.02252602 0.02656388 -0.05210041 0.02918976 0.03296589 -0.05210041 0.0227878 -0.04309713 -0.05251175 -0.02808409 -0.04653108 -0.05251175 -0.01979422 -0.04346108 -0.05210041 -0.02827864 -0.04692614 -0.05210041 -0.01991403 0.02666795 0.04563838 -0.04233425 0.02662491 0.04639357 -0.04228252 0.02651 0.04691076 -0.04214197 0.0330919 0.04563838 -0.03590953 0.03304088 0.04639357 -0.03586703 0.03289997 0.04691064 -0.0357517 0.01055288 -0.05251175 0.03728878 0.01884186 -0.05251175 0.03385502 0.01067197 -0.05210041 0.03768372 0.01903688 -0.05210041 0.03421896 -0.03176808 -0.05251175 -0.04188835 -0.03811311 -0.05251175 -0.03554356 -0.0320301 -0.05210041 -0.04220736 -0.03843212 -0.05210041 -0.0358054 0.01884186 -0.05251175 -0.04687261 0.01055288 -0.05251175 -0.05030637 0.01903688 -0.05210041 -0.04723656 0.01067197 -0.05210041 -0.05070132 -0.007219076 -0.05251175 0.03903907 0.001752972 -0.05251175 0.03903907 -0.007260084 -0.05210041 0.03944975 0.001793861 -0.05210041 0.03944975 -0.0160191 -0.05251175 -0.05030637 -0.02430808 -0.05251175 -0.04687261 -0.01613807 -0.05210041 -0.05070132 -0.02450311 -0.05210041 -0.04723656 0.03264689 -0.05251175 -0.03554356 0.02630186 -0.05251175 -0.04188835 0.03296589 -0.05210041 -0.03580534 0.02656388 -0.05210041 -0.04220736 -0.02430808 -0.05251175 0.03385502 -0.0160191 -0.05251175 0.03728878 -0.02450311 -0.05210041 0.03421896 -0.01613807 -0.05210041 0.03768372 0.04106485 -0.05251175 -0.01979422 0.03763091 -0.05251175 -0.02808409 0.04145991 -0.05210041 -0.01991403 0.03799486 -0.05210041 -0.02827864 -0.03811311 -0.05251175 0.02252596 -0.03176808 -0.05251175 0.02887076 -0.03843212 -0.05210041 0.0227878 -0.0320301 -0.05210041 0.02918976 0.04281497 -0.05251175 -0.002022325 0.04303395 -0.05251175 -0.006508708 0.04281497 -0.05251175 -0.01099514 0.04322588 -0.05210041 -0.001981854 0.04344689 -0.05210041 -0.006508708 0.04322588 -0.05210041 -0.01103562 0.03999888 0.04668647 -0.002299666 0.04020488 0.04668647 -0.006508767 0.03999888 0.04668647 -0.0107178 0.03513491 0.04668647 0.01373267 0.0383569 0.04668647 0.005955338 -0.04546511 0.04668647 -0.0107178 -0.04546511 0.04668647 -0.002299666 0.02450692 0.04668647 0.02668356 0.03045892 0.04668647 0.02073103 -0.04060113 0.04668647 -0.02675026 -0.04382312 0.04668647 -0.01897293 0.009730935 0.04668647 0.03458118 0.01750791 0.04668647 0.03135967 -0.02997303 0.04668647 -0.03970116 -0.03592503 0.04668647 -0.03374862 0.01750791 0.04668647 -0.04437732 0.009730935 0.04668647 -0.04759877 -0.006942033 0.04668647 0.03622323 0.00147593 0.04668647 0.03622323 -0.01519703 0.04668647 -0.04759877 -0.02297413 0.04668647 -0.04437732 -0.02297413 0.04668647 0.03135967 -0.01519703 0.04668647 0.03458118 0.0383569 0.04668647 -0.01897293 0.03513491 0.04668647 -0.02675026 -0.04653108 -0.05251175 0.00677663 -0.04309713 -0.05251175 0.0150665 -0.04692614 -0.05210041 0.006896436 -0.04346108 -0.05210041 0.01526105 0.04383993 -0.03957343 -0.01105266 0.04406297 -0.03968203 -0.006508708 0.04383993 -0.03957343 -0.001964807 -0.04886412 -0.03235024 -0.001964807 0.05853688 0.03566682 -0.009891748 0.05863893 0.03598618 -0.006508767 0.05853688 0.03566682 -0.003125727 0.06491196 0.03500807 -0.009891748 0.06507194 0.03531557 -0.006508767 0.06491196 0.03500807 -0.003125727 0.0711559 0.03207802 -0.009891748 0.07137489 0.03235375 -0.006508767 0.0711559 0.03207802 -0.003125727 -0.03214001 0.03020668 0.02932411 0.05590295 0.02622354 -0.00880438 0.05587995 0.02640974 -0.01095497 0.05593895 0.02691525 -0.01281565 0.06044495 0.02591073 -0.00880438 0.06047797 0.02609014 -0.01095497 0.0606569 0.02657705 -0.01281565 0.06485688 0.02392017 -0.00880438 0.06494593 0.02408105 -0.01095497 0.06524491 0.02451765 -0.01281565 0.05777895 -0.03040415 0.002069532 0.05834293 -0.03226613 0.002190351 0.05892693 -0.03412824 0.00144124 0.0627439 -0.02864152 0.002069532 0.06365692 -0.03043532 0.002190351 0.06458497 -0.03222924 0.00144124 0.06751787 -0.02499902 0.002069532 0.06877994 -0.02660763 0.002190351 0.0700519 -0.02821624 0.00144124 -0.01618909 0.03020668 0.03784996 -0.02458512 0.03020668 0.03437221 0.001810908 0.03020668 -0.05264025 0.02667391 0.03020668 -0.0423417 -0.007277131 0.03020668 0.03962266 0.001810908 0.03020668 0.03962266 0.0191189 0.03020668 -0.0473898 -0.03856611 0.03020668 -0.03591561 -0.03214001 0.03020668 -0.0423417 0.0191189 0.03020668 0.03437221 -0.04709208 0.03020668 -0.01996445 -0.04361402 0.03020668 -0.02836054 0.03309988 0.03020668 0.02289801 -0.04886412 0.03020668 -0.01105266 -0.04361402 -0.03235024 -0.02836054 0.0191189 -0.03235024 0.03437221 0.01072287 -0.03235024 0.03784996 -0.007277131 -0.03235024 -0.05264025 0.001810908 -0.03235024 -0.05264025 -0.03856611 -0.03235024 -0.03591561 -0.03214001 -0.03235024 -0.0423417 -0.007277131 -0.03235024 0.03962266 -0.02458512 -0.03235024 -0.0473898 -0.01618909 -0.03235024 -0.05086755 0.02667391 -0.03235024 -0.04234164 0.03309988 -0.03235024 -0.03591561 -0.01618909 -0.03235024 0.03784996 -0.02458512 -0.03235024 0.03437221 0.0795859 -0.01150286 -0.003125727 0.07988286 -0.01161986 -0.006508708 0.0795859 -0.01150286 -0.009891748 0.07945489 0.01499295 -0.003125727 0.07975196 0.01510995 -0.006508767 0.07945489 0.01499295 -0.009891748 0.04570591 -0.03829646 -0.002568483 0.04579794 -0.03859037 -0.006508708 0.04570591 -0.03829646 -0.01044899 0.04755795 -0.03799831 -0.002949714 0.04759192 -0.03831225 -0.006508708 0.04755795 -0.03799831 -0.01006776 0.05031287 -0.03773367 -0.003103733 0.05033886 -0.03805363 -0.006508708 0.05031287 -0.03773367 -0.009913742 0.05712497 -0.02787703 -0.01281565 0.05706596 -0.02737164 -0.01095497 0.05708897 -0.02718544 -0.00880438 0.0615859 -0.02620702 -0.01281565 0.06140589 -0.02572023 -0.01095497 0.06137394 -0.02554082 -0.00880438 0.0658549 -0.02281594 -0.01281565 0.06555688 -0.02237933 -0.01095497 0.06546688 -0.02221846 -0.00880438 0.05593895 0.02691525 -2.01862e-4 0.05587995 0.02640974 -0.002062499 0.05590295 0.02622354 -0.004213094 0.0606569 0.02657705 -2.01863e-4 0.06047797 0.02609014 -0.002062499 0.06044495 0.02591073 -0.004213094 0.06524491 0.02451765 -2.01863e-4 0.06494593 0.02408105 -0.002062499 0.06485688 0.02392017 -0.004213094 0.05773997 0.03316646 0.00144124 0.05715692 0.03130435 0.002190351 0.05659294 0.02944225 0.002069532 0.06365597 0.03259915 0.00144124 0.06272792 0.03080534 0.002190351 0.0618149 0.02901154 0.002069532 0.06944191 0.02991795 0.00144124 0.06816995 0.02830922 0.002190351 0.06690692 0.02670073 0.002069532 0.05659294 0.02944225 -0.01508712 0.05715692 0.03130435 -0.01520794 0.05773997 0.03316646 -0.01445883 0.0618149 0.02901154 -0.01508712 0.06272792 0.03080534 -0.01520794 0.06365597 0.03259915 -0.01445883 0.06690692 0.02670073 -0.01508712 0.06816995 0.02830934 -0.01520794 0.06944191 0.02991795 -0.01445883 0.05892693 -0.03412824 -0.01445883 0.05834293 -0.03226613 -0.01520794 0.05777895 -0.03040415 -0.01508712 0.06458497 -0.03222924 -0.01445883 0.06365692 -0.03043532 -0.01520794 0.0627439 -0.02864152 -0.01508712 0.0700519 -0.02821624 -0.01445883 0.06877994 -0.02660763 -0.01520794 0.06751787 -0.02499902 -0.01508712 0.05708897 -0.02718544 -0.004213094 0.05706596 -0.02737164 -0.002062499 0.05712497 -0.02787703 -2.01864e-4 0.06137394 -0.02554082 -0.004213094 0.06140589 -0.02572023 -0.002062499 0.0615859 -0.02620702 -2.01863e-4 0.06546688 -0.02221846 -0.004213094 0.06555688 -0.02237933 -0.002062499 0.0658549 -0.02281594 -2.01864e-4 0.07725596 -0.01058644 -0.01445883 0.07552194 -0.009904026 -0.01520794 0.07378995 -0.009221673 -0.01508712 0.07712495 0.01407653 -0.01445883 0.07539093 0.01339405 -0.01520794 0.07365787 0.01271164 -0.01508712 -0.04361402 -0.03235024 0.01534295 0.07378995 -0.009221673 0.002069532 0.07552194 -0.009904026 0.002190351 0.07725596 -0.01058644 0.00144124 0.07365787 0.01271164 0.002069532 0.07539093 0.01339405 0.002190351 0.07712495 0.01407653 0.00144124 0.07082593 -0.008041918 -0.004213094 0.07099092 -0.008110165 -0.002062499 0.07145094 -0.008295416 -2.01864e-4 0.07069492 0.01153206 -0.004213094 0.0708599 0.01160025 -0.002062499 0.07131993 0.01178556 -2.01864e-4 0.07145094 -0.008295416 -0.01281565 0.07099092 -0.008110165 -0.01095497 0.07082593 -0.008041918 -0.00880438 0.07131993 0.01178556 -0.01281565 0.0708599 0.01160025 -0.01095497 0.07069492 0.01153206 -0.00880438 0.0597229 -0.03662872 -0.009891748 0.06583988 -0.03463804 -0.009891748 0.07176589 -0.03037637 -0.009891748 0.05982494 -0.03694796 -0.006508708 0.06600093 -0.03494554 -0.006508708 0.07198488 -0.03065204 -0.006508708 0.0597229 -0.03662872 -0.003125727 0.06583988 -0.03463804 -0.003125727 0.07176589 -0.03037637 -0.003125727 0.04490494 0.02716523 -0.01620054 0.04485297 0.02997046 -0.01640236 0.04486286 0.03230786 -0.01567822 0.04649794 0.02811396 -0.01540881 0.04648888 0.03027254 -0.01555705 0.04651892 0.03229522 -0.01481246 0.04873895 0.02864515 -0.0151273 0.04882788 0.03055286 -0.01525157 0.04894495 0.03244346 -0.01450306 0.04486286 0.03230786 0.002660572 0.04485297 0.02997046 0.003384768 0.04490494 0.02716523 0.003182947 0.04651892 0.03229522 0.001794815 0.04648888 0.03027254 0.002539455 0.04649794 0.02811396 0.002391219 0.04894495 0.03244346 0.001485407 0.04882788 0.03055286 0.002233982 0.04873895 0.02864515 0.002109706 0.04537999 0.02265328 2.76267e-4 0.04567289 0.02177977 -0.001912176 0.04585194 0.02146005 -0.004194319 0.04673492 0.02503597 -5.15326e-5 0.04691588 0.02440297 -0.002012789 0.04704999 0.02416837 -0.004206895 0.04877686 0.02603763 -1.83072e-4 0.04888594 0.02551394 -0.0020563 0.04898786 0.02532082 -0.004212319 0.04585194 0.02146005 -0.008823156 0.04567289 0.02177977 -0.01110529 0.04537999 0.02265328 -0.0132938 0.04704999 0.02416837 -0.008810579 0.04691588 0.02440297 -0.01100468 0.04673492 0.02503597 -0.01296597 0.04898786 0.02532082 -0.008805155 0.04888594 0.02551394 -0.01096123 0.04877686 0.02603763 -0.01283442 0.04646193 -0.02472394 -0.004194319 0.04627692 -0.02504354 -0.001912176 0.04596889 -0.02591717 2.76266e-4 0.04797887 -0.02729904 -0.004206895 0.0478419 -0.02753365 -0.002012789 0.04765689 -0.02816665 -5.15333e-5 0.05017387 -0.02809017 -0.004212319 0.05007195 -0.02828323 -0.002056241 0.04996192 -0.02880686 -1.83072e-4 0.04545187 -0.03559362 -0.01567816 0.04544997 -0.03324115 -0.01640236 0.04549288 -0.03042995 -0.01620054 0.04743981 -0.03543287 -0.01481246 0.04741191 -0.03340554 -0.01555705 0.0474199 -0.03124493 -0.01540881 0.05012989 -0.03521364 -0.01450306 0.05001294 -0.03332233 -0.01525157 0.04992389 -0.03141444 -0.0151273 0.04596889 -0.02591717 -0.0132938 0.04627692 -0.02504354 -0.01110529 0.04646193 -0.02472394 -0.008823156 0.04765689 -0.02816665 -0.01296597 0.0478419 -0.02753365 -0.01100468 0.04797887 -0.02729904 -0.008810579 0.04996192 -0.02880686 -0.01283442 0.05007195 -0.02828317 -0.01096123 0.05017387 -0.02809017 -0.008805155 0.04549288 -0.03042995 0.003182947 0.04544997 -0.03324115 0.003384768 0.04545187 -0.03559362 0.002660572 0.0474199 -0.03124493 0.002391219 0.04741191 -0.03340554 0.002539455 0.04743981 -0.03543287 0.001794874 0.04992389 -0.03141444 0.002109706 0.05001294 -0.03332233 0.002233982 0.05012989 -0.03521364 0.001485466 0.03763091 -0.05251175 0.0150665 0.04106485 -0.05251175 0.00677663 0.03799486 -0.05210041 0.01526105 0.04145991 -0.05210041 0.006896436 -0.04709208 0.03020668 0.006946861 -0.04361402 0.03020668 0.01534295 -0.04886412 0.03020668 -0.001964807 0.04372787 0.03597986 -0.001964807 0.04393994 0.03608417 -0.006508767 0.04372787 0.03597986 -0.01105266 0.04341089 0.03764027 -0.001964211 0.04363191 0.03764414 -0.006508767 0.04341089 0.03764027 -0.01105326 0.03309988 0.03020668 -0.03591561 -0.03856611 0.03020668 0.02289801 0.07332789 0.02850496 -0.01269483 0.07332789 0.02850496 -3.22685e-4 0.06817793 0.02328175 -0.01424133 0.06817793 0.02328175 0.001223742 0.06699097 0.02197587 -0.006508767 0.07405793 0.02923947 -0.003125727 0.07430088 0.02948433 -0.006508767 0.07405793 0.02923947 -0.009891748 0.06746089 0.02252686 -0.01281565 0.06711196 0.02213913 -0.01095497 0.06699991 0.02199637 -0.00880438 0.06699991 0.02199637 -0.004213094 0.06711196 0.02213913 -0.002062499 0.06746089 0.02252686 -2.01863e-4 0.06933188 0.02446508 0.002069532 0.07073891 0.02589333 0.002190351 0.07215392 0.02732157 0.00144124 0.07215392 0.02732157 -0.01445883 0.07073891 0.02589333 -0.01520794 0.06933188 0.02446508 -0.01508712 0.07931196 0.008195936 -0.01269483 0.07931196 0.008195936 -3.22685e-4 0.07286787 0.006948053 0.001223742 0.07128095 0.006636083 -0.006508767 0.07286787 0.006948053 -0.01424133 0.08021998 0.008371472 -0.003125727 0.08052194 0.008429825 -0.006508767 0.08021998 0.008371472 -0.009891748 0.07784998 0.007913172 -0.01445883 0.07608687 0.007571935 -0.01520794 0.07432496 0.007230758 -0.01508712 0.07432496 0.007230758 0.002069532 0.07608687 0.007571935 0.002190351 0.07784998 0.007913172 0.00144124 0.07130289 0.00664097 -0.004213094 0.07147192 0.006675064 -0.002062499 0.07194292 0.006767749 -2.01864e-4 0.07194292 0.006767749 -0.01281565 0.07147192 0.006675064 -0.01095497 0.07130289 0.00664097 -0.00880438 0.07937788 -0.00464636 -0.01269483 0.07937788 -0.00464636 -3.22685e-4 0.07293295 -0.003398418 0.001223742 0.07134592 -0.003086447 -0.006508767 0.07293295 -0.003398418 -0.01424133 0.08028495 -0.004821836 -0.003125727 0.08058786 -0.004880249 -0.006508767 0.08028495 -0.004821836 -0.009891748 0.0779159 -0.004363656 -0.01445883 0.07615196 -0.004022419 -0.01520794 0.07438993 -0.003681182 -0.01508712 0.07438993 -0.003681182 0.002069532 0.07615196 -0.004022419 0.002190351 0.0779159 -0.004363656 0.00144124 0.07136893 -0.003091335 -0.004213094 0.07153797 -0.003125429 -0.002062499 0.07200789 -0.003218173 -2.01864e-4 0.07200789 -0.003218173 -0.01281565 0.07153797 -0.003125429 -0.01095497 0.07136893 -0.003091335 -0.00880438 0.07381796 -0.02600133 -3.22684e-4 0.06748187 -0.01947224 -0.006508708 0.06866788 -0.02077817 0.001223742 0.07381796 -0.02600133 -0.01269483 0.06866788 -0.02077817 -0.01424133 0.07264387 -0.02481794 0.00144124 0.07122886 -0.02338975 0.002190351 0.06982195 -0.02196145 0.002069532 0.06748998 -0.01949274 -0.00880438 0.06760191 -0.01963555 -0.01095497 0.06795096 -0.02002322 -0.01281565 0.06982195 -0.02196145 -0.01508712 0.07122886 -0.02338975 -0.01520794 0.07264387 -0.02481794 -0.01445883 0.06795096 -0.02002322 -2.01864e-4 0.06760191 -0.01963555 -0.002062499 0.06748998 -0.01949274 -0.004213094 0.07454788 -0.02673584 -0.009891748 0.07479095 -0.02698075 -0.006508708 0.07454788 -0.02673584 -0.003125727</float_array>
          <technique_common>
            <accessor source="#cup_lp-mesh-positions-array" count="1012" stride="3">
              <param name="X" type="float"/>
              <param name="Y" type="float"/>
              <param name="Z" type="float"/>
            </accessor>
          </technique_common>
        </source>
        <source id="cup_lp-mesh-normals">
          <float_array id="cup_lp-mesh-normals-array" count="3036">-0.9688562 0.2286043 0.0951727 -0.9546398 0.2977632 3.83311e-7 -0.9501138 0.297604 0.09335732 -0.9501132 0.2976058 -0.09335809 -0.9548298 0.2285853 -0.1898655 -0.9361469 0.2982694 -0.1861839 -0.09577822 0.2100525 -0.9729874 0.08262604 0.538757 -0.8383997 0.09577089 0.2100116 -0.9729971 -0.08263516 0.53881 -0.8383647 0.04232197 0.9019086 -0.4298484 -0.283733 0.2099927 -0.9356274 -0.244606 0.5387076 -0.8062022 -0.0423184 0.901916 -0.4298335 -0.09793531 0.04441958 0.994201 -0.2837341 0.2099484 0.9356371 -0.2900096 0.04453527 0.955987 -0.755788 0.2100309 0.620219 -0.6337662 0.04455476 0.7722405 -0.6201976 0.2100479 0.7558009 -0.8810458 0.0443412 -0.4709485 -0.7557938 0.2099975 -0.6202232 -0.7722377 0.04403585 -0.6338058 0.2445902 0.5387722 -0.806164 0.1253387 0.9019631 -0.4132224 0.2837486 0.2099652 -0.9356289 0.9728965 0.2105972 -0.09550487 0.9989643 0.04550051 -3.77197e-7 0.9941792 0.04569208 -0.09757101 0.8362863 0.5421088 -0.08211779 0.977471 0.2110698 1.94085e-6 0.9727663 0.2112128 0.09547245 0.9941794 0.04568743 0.09757179 0.8363165 0.5420615 0.08212316 0.9587517 0.2107344 -0.1907516 0.9797921 0.04502409 -0.1948853 0.8241265 0.5421738 -0.1639006 0.4158981 0.9056434 -0.08269888 0.421946 0.905674 -0.04142785 0.8402447 0.5422074 2.98872e-6 0.4220251 0.9056366 0.04144078 0.4159013 0.9056422 0.08269464 0.8239396 0.5424783 0.1638323 0.958702 0.2110608 0.1906409 0.9797922 0.04501938 0.1948862 -0.5344094 0.5389018 0.6511463 -0.2738462 0.9020242 0.3337078 -0.6511728 0.5388182 0.5344614 -0.3970755 0.5389738 0.7428583 -0.4609456 0.2100033 0.8622226 0.7721549 0.04420095 -0.6338952 0.8623223 0.2098283 -0.4608387 0.8790013 0.04930865 -0.474263 0.9282504 0.2104605 -0.3066882 -0.4709223 0.04420799 0.8810663 -0.7427737 0.5391059 0.3970542 -0.3341639 0.901737 0.2742351 -0.3809813 0.9018799 0.2036321 0.7427339 0.5391837 -0.3970232 0.4062005 0.9038223 -0.1345614 0.3809198 0.9019144 -0.2035943 0.7558103 0.2099462 -0.6202206 0.3341097 0.9017702 -0.274192 0.6511877 0.5388018 -0.5344598 -0.09793412 0.04441595 -0.9942013 -0.2900122 0.04449415 -0.9559882 0.7988721 0.5404921 -0.2639544 0.9493184 0.05346286 -0.309736 -0.244603 0.5387093 0.806202 -0.2036015 0.901919 0.3809052 -0.1253366 0.9019669 0.4132151 -0.08263289 0.5388022 0.8383699 -0.09577894 0.2100465 0.9729886 -0.04231697 0.901916 0.4298338 0.6201932 0.2100309 -0.7558093 0.4709224 0.04424363 -0.8810646 0.4609342 0.210003 -0.8622288 0.09071218 -0.3793372 -0.9208012 -0.04407709 -0.8930533 -0.4477868 -0.0907166 -0.3793438 -0.920798 -0.002212822 -0.9997461 -0.02242577 0.04408323 -0.893049 -0.4477948 0.002212166 -0.9997462 -0.02242273 -0.81602 -0.3792912 0.4361764 -0.9569367 -0.004389464 0.2902635 -0.8854069 -0.3793607 0.268589 0.2685804 -0.3792133 -0.8854727 0.09801554 -0.00439769 -0.9951752 0.2902823 -0.004399955 -0.9569309 -0.2685771 -0.3791958 -0.8854812 -0.006531357 -0.9997465 0.02154642 -0.04407995 -0.89304 0.447813 -0.1307004 -0.892974 0.4307146 -0.8819112 -0.004390358 0.4713951 -0.7152487 -0.3793016 0.5869836 -0.7730095 -0.004391133 0.6343792 -0.0198484 -0.9997467 -0.01061052 -0.3478218 -0.8930519 -0.2854442 -0.01737588 -0.9997473 -0.01426422 0.1306897 -0.8929834 -0.430698 -0.4609448 0.209981 -0.8622284 -0.4709202 0.04420965 -0.8810674 0.3861931 0.7933661 -0.4705585 0.7373254 0.3003641 -0.605089 0.4708581 0.793071 -0.3864338 -0.00221306 -0.9997461 0.02242684 3.61492e-5 -1 0 -0.3970559 0.5390221 -0.7428337 -0.1253622 0.9019227 -0.4133039 -0.2035595 0.9019579 -0.3808354 -0.6201934 0.2101083 -0.7557875 -0.2738936 0.9019879 -0.3337668 -0.5344284 0.5388616 -0.651164 0.2837469 0.2099887 0.9356241 0.0979402 0.04442614 0.9942003 0.2900071 0.044514 0.9559888 0.09577274 0.2100196 0.9729951 0.08262789 0.5388066 0.8383675 0.04231995 0.9019358 0.4297918 0.2446029 0.5386932 0.8062129 0.09793901 0.0444225 -0.9942005 0.2900097 0.04447305 -0.9559898 0.2036014 0.9019182 -0.3809069 -0.6337683 0.04457354 -0.7722377 0.2738431 0.9020269 -0.3337027 0.3970903 0.5389388 -0.7428758 -0.6511537 0.5388613 -0.5344412 -0.333725 0.901981 -0.2739673 -0.7427889 0.5390769 -0.3970653 -0.8622409 0.2101106 -0.4608625 0.620191 0.2100694 0.7558004 0.470923 0.04424166 0.8810643 0.6337726 0.04459762 0.7722327 0.4609366 0.2099592 0.8622381 0.3970639 0.5390011 0.7428447 0.1253603 0.9019271 0.4132946 0.2035431 0.9019745 0.3808048 0.273877 0.9019922 0.3337689 0.5344522 0.5387952 0.6511994 -0.9729288 0.2103161 -0.09579563 -0.9560064 0.04435259 -0.2899737 -0.9941964 0.04461145 -0.09789514 -0.9355954 0.2100691 -0.2837824 -0.8060134 0.5390492 -0.2444762 -0.3810509 0.9018408 -0.203675 -0.4131238 0.9020128 -0.1253067 -0.8384515 0.5386871 -0.08255565 0.879006 0.0492891 0.4742565 0.7558036 0.2099203 0.6202374 0.7721495 0.04417932 0.6339033 0.6511799 0.5388392 0.5344316 0.334069 0.9018054 0.2741261 0.7427545 0.5391442 0.3970384 0.380994 0.9018724 0.2036414 0.01015502 0.9946129 0.10316 -0.972935 0.210286 0.09579837 -0.9941961 0.04461473 0.09789621 -0.8384255 0.5387278 0.08255356 -0.4300603 0.9018061 -0.04235392 -0.4299716 0.9018491 0.04234236 0.8411229 0.3005594 -0.4496402 0.5367936 0.7934265 -0.2869268 -0.9560051 0.04436159 0.2899767 -0.806047 0.5389912 0.2444933 -0.9355912 0.2100977 0.283775 -0.05969792 0.7932698 0.6059367 0.05970233 0.7932726 0.6059325 0.2869881 0.7932919 0.5369599 0.03008931 0.9946137 0.09918761 0.04884219 0.9946182 0.09137368 0.06575119 0.9946137 0.08012831 -0.01015514 0.9946126 0.1031635 0.07160937 0.6827873 0.7270995 0.2826963 0.2273191 0.9318845 0.2120908 0.6827962 0.6991473 -0.1767566 0.7932897 0.5826222 0.1767521 0.793296 0.5826151 0.3861938 0.793365 0.4705595 0.08012425 0.9946141 0.06574803 0.4705643 0.7933853 0.3861465 0.0915054 0.9946024 0.04891806 0.5367969 0.7934237 0.2869282 0.09918063 0.9946147 0.03008121 0.5826019 0.7933151 0.1767095 0.1029853 0.9946312 0.01014465 0.6059459 0.793264 0.05968135 0.1029822 0.9946315 -0.01014477 0.6059507 0.7932604 -0.05968183 -0.4132036 0.9019719 0.1253375 0.09918612 0.9946142 -0.03008204 0.09150552 0.9946024 -0.04891818 0.5826056 0.7933117 -0.1767127 0.08013528 0.9946128 -0.0657562 0.06575244 0.9946135 -0.08012902 0.2869749 0.793312 -0.5369372 0.03008848 0.994614 -0.09918564 0.1767522 0.7932944 -0.5826172 0.01015472 0.9946134 -0.1031564 0.04884248 0.9946181 -0.0913738 0.05970263 0.793273 -0.6059321 -0.0101549 0.9946129 -0.1031606 -0.05969768 0.7932645 -0.6059437 -0.2869673 0.7933322 -0.5369115 -0.03008955 0.994613 -0.09919518 -0.04884135 0.9946184 -0.09137177 -0.06574308 0.9946157 -0.08010894 -0.1767567 0.7932882 -0.5826241 -0.3862038 0.7933523 -0.4705731 -0.080127 0.9946135 -0.06575483 -0.4705968 0.7933502 -0.386179 -0.09150129 0.9946029 -0.04891645 -0.5367476 0.793466 -0.2869035 -0.1017666 0.9942475 -0.03339862 -0.581256 0.7907266 -0.1920753 -0.09149992 0.9946029 0.0489161 -0.5367498 0.7934643 0.2869046 -0.1017656 0.9942477 0.03339838 -0.6031591 0.7885511 -0.1199433 -0.1083204 0.9938825 -0.02155232 0.4062029 0.9038206 0.1345648 0.4239251 0.9056973 2.51616e-7 -0.1096827 0.9939086 0.01075088 -0.1103537 0.9938924 1.99719e-7 -0.6034271 0.7883335 0.1200248 -0.1083223 0.9938822 0.0215519 -0.61243 0.7882333 0.06014823 -0.6124284 0.7882345 -0.06014883 -0.6153658 0.7882418 2.41764e-7 -0.1096826 0.9939085 -0.01075112 -0.3862058 0.79335 0.4705751 -0.08013337 0.9946129 0.06575572 -0.06573969 0.994616 0.08010959 -0.5812525 0.7907293 0.1920753 -0.470601 0.7933456 0.3861832 -0.2869806 0.7933121 0.5369341 -0.03009033 0.9946128 0.0991975 -0.04884213 0.9946183 0.09137314 0.9127851 0.3002571 -0.276892 0.9691383 0.2272925 -0.09544199 0.9318874 0.227362 -0.2826526 0.858823 0.2273309 -0.4590682 0.7527704 0.2273344 -0.617783 0.6050858 0.3003544 -0.7373321 -0.9059476 0.2990414 -0.2997221 0.09348285 0.3002035 0.9492834 0.4496437 0.3001987 -0.8412498 0.6177772 0.2273158 -0.7527807 -0.8411049 0.3006184 0.4496346 0.2363724 0.9690133 0.07170283 4.10163e-7 1 0 0.2178344 0.9690158 0.1164332 -0.9059458 0.299046 0.2997226 -0.95483 0.2285852 0.1898646 -0.9361459 0.298274 0.1861817 0.276894 0.3002192 -0.912797 0.2768927 0.3002228 0.9127961 0.09544235 0.2273126 0.9691336 0.09348362 0.3001946 -0.9492861 0.8411241 0.3005536 0.449642 0.7373257 0.3003653 0.6050881 -0.09544503 0.2273145 0.9691328 -0.2768939 0.3002239 0.9127954 -0.09348875 0.300195 0.9492855 -0.7373442 0.3003082 0.6050938 -0.2768953 0.3002207 -0.912796 -0.7527741 0.2273264 0.6177816 -0.8588251 0.2273211 0.4590694 0.0242089 0.9690247 0.2457749 -0.0716114 0.6827811 0.7271051 -0.4590608 0.2273176 0.8588306 -0.6051003 0.3003038 0.7373407 -0.4496378 0.3001998 0.8412528 0.6050879 0.3003496 0.7373323 0.4496476 0.3001628 0.8412606 -0.09348767 0.3001888 -0.9492875 -0.6050987 0.300311 -0.737339 -0.4496348 0.3002342 -0.841242 0.912786 0.3002552 0.2768907 -0.7373442 0.3003062 -0.6050949 -0.8411034 0.3006236 -0.4496339 0.9493507 0.2999857 -0.09349828 0.1164161 0.9690262 0.2177969 0.3444106 0.6827971 0.6443365 0.2178336 0.969016 -0.116433 0.1909101 0.9690228 -0.1566792 -0.07169419 0.9690242 0.2363304 -0.02420955 0.969024 0.2457771 0.07169282 0.969025 0.2363278 0.6177775 0.2273194 0.7527794 0.4634974 0.6827849 0.5647788 0.459064 0.2273179 0.8588287 0.1909101 0.9690227 0.15668 0.5647662 0.6827956 0.4634969 0.1566738 0.9690235 0.1909106 0.8588231 0.227331 0.4590682 0.6443458 0.6827853 0.3444167 0.7527707 0.2273333 0.617783 0.6991563 0.6827921 0.2120741 0.9691383 0.2272931 0.0954408 0.7271426 0.6827377 0.07164376 0.9318872 0.227365 0.2826506 0.2457989 0.9690183 -0.02421694 0.7271373 0.6827433 -0.07164418 0.01061582 -0.9997464 0.01986128 0.006531596 -0.9997465 0.02154606 0.2458004 0.969018 0.02421694 0.6991564 0.6827914 -0.2120762 0.6443453 0.6827855 -0.3444173 0.2363712 0.9690137 -0.07170259 0.564767 0.6827963 -0.4634948 0.4634969 0.6827833 -0.5647812 0.1566716 0.9690245 -0.1909072 0.3444113 0.6827964 -0.6443369 0.4590644 0.2273184 -0.8588284 0.1164161 0.9690263 -0.2177965 0.2120906 0.6827945 -0.6991491 0.07169091 0.969026 -0.2363241 0.07160949 0.6827909 -0.7270961 0.2826992 0.2273172 -0.9318842 0.09544533 0.2273172 -0.9691322 0.02420902 0.9690245 -0.2457753 -0.0716114 0.6827852 -0.7271013 -0.02420967 0.969024 -0.2457776 -0.2120899 0.6827934 -0.6991503 -0.09544783 0.2273198 -0.9691313 -0.2826985 0.2273227 -0.931883 -0.1164202 0.9690247 -0.2178015 -0.34441 0.6827905 -0.6443439 -0.07169407 0.9690242 -0.2363303 -0.6177781 0.2273157 -0.7527801 -0.4634913 0.6827903 -0.5647772 -0.4590607 0.2273186 -0.8588303 -0.1909042 0.9690245 -0.1566753 -0.5647689 0.682794 -0.4634958 -0.156667 0.9690261 -0.190903 -0.8588248 0.2273214 -0.4590697 -0.644348 0.682784 -0.3444151 -0.7527736 0.2273274 -0.6177817 -0.2178276 0.9690177 -0.1164295 -0.6914802 0.6852502 -0.2286644 -0.2312661 0.9698597 -0.0767349 -0.5647681 0.6827937 0.4634974 -0.9245432 0.2279403 -0.3053904 -0.2178264 0.9690182 0.116428 -0.6914792 0.6852514 0.2286636 -0.6443473 0.6827852 0.344414 -0.7120109 0.6877308 -0.1416574 -0.2356225 0.9707131 -0.04688376 -0.2390431 0.9707257 0.02345186 -0.725854 0.6878488 0 -0.7224543 0.6877738 0.07090151 -0.2390425 0.9707258 -0.0234518 -0.2401167 0.970744 0 -0.9735111 0.2286401 -2.53353e-7 -0.7224543 0.6877737 -0.07090324 -0.9688561 0.228604 -0.09517419 -0.7120109 0.6877311 0.1416565 -0.2356228 0.970713 0.0468837 -0.924543 0.2279396 0.3053914 -0.1909049 0.9690243 0.1566758 -0.4634925 0.6827915 0.5647747 -0.1566696 0.9690252 0.1909052 -0.02156174 -0.9997462 -0.006539046 -0.2312675 0.9698593 0.07673591 -0.3444102 0.6827904 0.6443439 -0.6177788 0.2273201 0.7527781 -0.1164197 0.969025 0.2178009 -0.212089 0.6827923 0.6991516 -0.282695 0.227322 0.9318844 -0.01061612 -0.9997464 -0.01986169 -0.006531894 -0.9997465 -0.02154707 0.04634946 0.9798231 0.1944184 0.2194949 0.9756137 -6.31497e-7 0.2951993 0.9390399 0.1762428 -0.05907893 0.9768028 0.2058302 0.01157569 0.9999331 -5.51499e-7 0.04634934 0.9798235 -0.1944162 0.2951983 0.9390404 -0.1762418 -0.05907905 0.976803 -0.205829 0.4915857 0.7698845 0.4069661 0.6489777 0.7436416 0.1607021 0.7767866 0.4576379 0.4326317 0.1420801 0.8687667 0.4744023 -0.03216564 0.8682959 0.4950028 -0.06667739 0.866229 0.4951784 -0.07461494 0.9754365 0.2072591 -0.06758886 0.9977133 -5.16352e-7 -0.07461488 0.9754369 -0.2072576 -0.06667762 0.8662314 -0.4951742 -0.03216248 0.8683022 -0.4949918 0.1420767 0.8687713 -0.4743951 0.4915801 0.7698917 -0.4069592 0.6489766 0.7436426 -0.1607016 0.7767837 0.4576456 -0.4326291 0.5727969 0.8196974 -7.55243e-7 0.002212345 -0.9997462 0.02242308 -0.01984775 -0.9997468 0.01060968 -0.3478217 -0.8930519 0.2854443 -0.3968449 -0.8930397 0.2121182 -0.430547 -0.8930686 0.1306059 0.01428884 -0.9997463 0.01741254 0.0173738 -0.9997473 0.01426249 0.0191105 -0.9998102 0.003803133 0.01993674 -0.9997788 0.006708621 0.01940268 -0.99981 0.001904428 0.01945829 -0.9998107 0 0.01940286 -0.99981 -0.001904547 0.01911032 -0.9998102 -0.003803074 0.01993578 -0.9997788 -0.006708264 0.01428663 -0.9997464 -0.01740884 0.01737588 -0.9997473 -0.01426494 0.006531953 -0.9997465 -0.02154815 -0.02156293 -0.9997462 0.006540179 -0.0223999 -0.9997467 0.002206087 -0.01428663 -0.9997464 -0.0174098 0.9493173 0.05347639 0.3097368 0.8621686 0.2104676 0.4608349 -0.0224002 -0.9997467 -0.002206146 -0.01737618 -0.9997473 0.01426523 -0.01428878 -0.9997463 0.01741176 -0.2902847 3.11189e-4 0.9569403 0.9282509 0.2104635 0.3066847 -0.9569451 3.00403e-4 0.290269 -0.9951879 2.94952e-4 0.09798455 -0.88192 2.99574e-4 -0.471399 -0.9569453 3.00453e-4 -0.2902684 0.7988782 0.5404788 0.263963 -0.8621799 0.2104265 0.4608327 -0.8810445 0.0443567 0.4709491 -0.4476307 -0.8931313 -0.0440852 -0.9207559 -0.3794537 0.09068393 -0.9207536 -0.379459 -0.09068435 -0.09801685 -0.004397869 -0.9951751 -0.2902825 -0.004400849 -0.9569309 -0.8854084 -0.3793589 -0.2685866 -0.430543 -0.8930713 -0.1306008 0.2854136 -0.893069 0.3478029 0.7150845 -0.3794636 0.5870789 0.5869666 -0.3793699 0.7152263 -0.7722393 0.04403764 0.6338039 -0.447626 -0.8931335 0.04408544 0.2902851 3.1092e-4 -0.9569402 0.09801721 3.10443e-4 -0.9951847 -0.995178 -0.004379749 0.09798794 0.01984757 -0.9997467 0.01060974 0.3478343 -0.8930426 0.2854583 0.2120465 -0.8930934 0.3967624 0.4361533 -0.3794127 0.8159757 -0.396842 -0.8930409 -0.2121194 -0.8160183 -0.3792931 -0.4361776 0.8118643 -0.384603 0.4392687 -0.5869667 -0.3793699 0.7152262 -0.715249 -0.3793005 -0.5869839 0.6337736 0.04459214 -0.7722322 0.471391 -0.004398465 0.8819134 0.634391 -0.004395008 0.773 -0.956937 -0.004389584 -0.2902629 0.534434 0.5388514 -0.6511678 0.2685812 -0.3792126 0.8854727 0.1306905 -0.8929843 0.430696 0.04408586 -0.8930345 0.4478234 0.09071153 -0.3793089 0.9208128 -0.2854115 -0.8930705 -0.3478007 -0.5869666 -0.37937 -0.7152262 -0.9951782 -0.004379868 -0.09798616 -0.2120428 -0.8930966 -0.3967573 -0.4361495 -0.3794187 -0.8159749 0.2120436 -0.8930969 -0.3967564 0.4361516 -0.3794191 -0.8159736 -0.8819113 -0.004390418 -0.471395 -0.7730094 -0.004391133 -0.6343793 0.01061618 -0.9997464 -0.01986193 0.5869683 -0.3793694 -0.7152253 0.285413 -0.8930701 -0.3478004 -0.09071671 -0.3793249 0.9208057 -0.4713934 -0.004398047 -0.8819121 -0.6343898 -0.004392981 -0.7730009 0.471393 -0.004397809 -0.8819123 -0.2685779 -0.3791921 0.8854825 -0.1306999 -0.8929737 -0.4307153 0.09801656 -0.004397869 0.9951751 0.2902826 -0.004400134 0.9569309 0.7150883 -0.3794612 -0.5870759 0.3478347 -0.8930421 -0.2854591 0.8118646 -0.3845947 -0.4392754 0.3968454 -0.8930394 -0.2121191 -0.2120471 -0.8930918 0.3967658 -0.4363051 -0.3789578 0.816106 0.7722882 -0.004371583 -0.6352573 -0.01061779 -0.9997463 0.01986509 -0.2854135 -0.8930695 0.3478019 0.4233157 -0.8950641 -0.1402294 0.8718189 -0.3956689 -0.2887525 0.8657894 -0.004670202 -0.5003867 0.7724916 3.48987e-4 0.6350249 0.8657965 -0.004693508 0.5003743 0.8700484 0.00121206 0.4929649 0.01984786 -0.9997468 -0.01061058 0.4337698 -0.8968837 -0.08627599 0.9466363 -0.1778486 -0.2687928 0.870367 -0.03121566 -0.4914132 0.7722632 -0.004392087 0.6352876 0.8986099 -0.400271 -0.1796758 -0.7730149 3.10692e-4 0.6343879 -0.6343964 3.09042e-4 0.7730079 -0.4713934 -0.004398286 0.8819122 0.9216153 -0.3881049 4.26707e-7 0.9112601 -0.4019607 0.08962547 0.9155288 -0.4022527 2.35265e-7 0.4396201 -0.8971474 0.04313492 0.439615 -0.89715 -0.04313373 0.4416571 -0.897184 0 0.9112578 -0.4019663 -0.0896244 0.9306766 -0.3418029 -0.1304304 0.4337719 -0.8968826 0.08627676 0.9306769 -0.3418012 0.1304322 0.8988118 -0.3998149 0.1796813 0.8869089 0.04173165 0.4600556 -0.8819198 2.99446e-4 0.4713994 -0.9951881 2.9512e-4 -0.09798419 -0.2902848 3.11166e-4 -0.9569403 -0.09801715 3.10822e-4 -0.9951847 0.7724846 3.24833e-4 -0.6350334 0.634391 -0.004393815 -0.773 0.6343999 3.13771e-4 -0.773005 -0.4713999 3.13193e-4 0.8819196 -0.6343901 -0.0043931 0.7730006 0.9574429 0.08960413 -0.2743614 0.9877598 -0.05844014 -0.1446221 0.9829387 0.09234374 -0.1590732 0.9961376 -0.05937206 -0.06469064 0.9930651 0.09485334 -0.06945949 0.8703749 -0.03121757 0.4913989 0.9466363 -0.1778477 0.2687936 0.7192057 -0.4998213 0.4826197 0.4713965 3.12597e-4 0.8819215 0.2902849 3.10944e-4 0.9569402 -0.2902844 -0.004400193 0.9569304 -0.09801638 -0.004397392 0.9951751 -0.6343995 3.13114e-4 -0.7730054 -0.773012 3.15785e-4 -0.6343915 0.8700392 0.001196324 -0.4929811 0.4713966 3.1236e-4 -0.8819214 -0.09801739 3.11e-4 0.9951847 0.09801715 3.10623e-4 0.9951848 -0.4713993 3.12629e-4 -0.8819198 0.9950961 0.09891408 -3.33267e-7 0.9905705 0.09564751 0.09809094 0.9905705 0.09564799 -0.09809041 0.9777252 0.06299442 -0.2002127 0.977725 0.06299543 0.2002137 0.896204 0.07251977 -0.4376749 0.9673538 -0.05901008 -0.2464638 0.998147 -0.06084817 -3.78413e-7 0.9952835 0.09701013 4.00703e-7 0.9961376 -0.05937224 0.06469029 0.9829383 0.09234374 0.1590751 0.9930651 0.09485316 0.06945985 0.9877595 -0.05844032 0.144624 0.9574423 0.08960449 0.2743638 0.8869167 0.04173654 -0.46004 0.6344004 3.14085e-4 0.7730047 0.8962039 0.07252055 0.4376749 0.9673532 -0.0590102 0.2464661 0.914938 -0.051207 0.4003326 0.3968442 -0.8930403 0.2121173 0.9149381 -0.0512079 -0.4003324 0.4236484 -0.8949008 0.1402662 0.7192057 -0.4998215 -0.4826195 0.618671 -0.7680552 -0.165341 0.6186726 -0.7680534 0.1653432 0.02070659 0.9997857 -8.46374e-7 0.2630514 0.9394754 -0.2195223 0.01952266 0.9775469 -0.209812 0.2630513 0.9394751 0.2195233 0.2701898 0.9628072 -8.72107e-7 0.5560237 0.7997115 -0.2264931 0.5560237 0.7997113 0.2264942 0.5713527 0.8207047 -8.28856e-7 0.01469576 0.8672313 -0.4976888 -0.07603871 0.9971049 -6.99573e-7 0.01952272 0.9775468 0.2098129 0.0146957 0.8672288 0.497693 0.2287831 0.8276976 0.5124207 0.4844689 0.7004635 0.524062 0.6667166 0.5347844 0.5191289 0.8907322 0.4003147 0.2152771 0.7608511 0.609399 0.2230215 0.911876 0.4104658 -8.14042e-7 0.7807891 0.6247948 -8.79745e-7 0.7608513 0.609399 -0.2230205 0.8907322 0.4003152 -0.2152763 0.6667187 0.5347859 -0.5191246 0.7877914 0.3512469 -0.5059748 0.4844701 0.7004657 -0.5240578 0.2287839 0.8277001 -0.5124164 0.01696819 -0.9986454 -0.04918724 -0.2380264 -0.9546719 -0.1787317 -0.2431906 -0.9688212 -0.04737055 0.01396012 -0.9056071 -0.423888 0.01658767 -0.9842104 -0.1762238 -0.5359613 -0.8245451 -0.1813037 -0.5455939 -0.8367186 -0.04721784 -0.2163209 -0.8716166 -0.4398748 0.134314 -0.9909389 -1.84304e-7 0.01656079 -0.9998629 -1.51069e-7 0.1338351 -0.9896412 -0.05194789 0.1159587 -0.8988236 -0.4226936 0.1306016 -0.9752426 -0.1784525 0.08164387 -0.6671911 -0.7403988 0.006551921 -0.6639566 -0.7477425 -0.1566098 -0.620823 -0.7681487 -0.4870472 -0.7494042 -0.4485293 -0.7019974 -0.5586978 -0.4416519 -0.6044207 -0.2541288 -0.7550458 -0.8367392 -0.3452422 -0.4250596 -0.7716978 -0.6107501 -0.1773892 -0.9118142 -0.3735302 -0.1705 -0.7846344 -0.6182618 -0.04584181 -0.9249535 -0.3774535 -0.04460883 -0.7859348 -0.6183094 2.49027e-6 -0.9259551 -0.3776336 8.97507e-6 -0.2447591 -0.9695839 -1.27726e-7 -0.5469108 -0.8371909 0 0.03785914 -0.1600357 0.9863849 -0.1154644 0.2149056 0.9697854 -0.06463158 0.2503006 0.9660085 0.1317778 -0.5569219 0.8200443 0.07694 -0.1479912 0.9859913 0.1166493 -0.1147291 0.9865244 -0.1731334 0.1735579 0.9694857 0.394991 -0.3994191 0.827313 -0.02791243 0.2701047 0.9624263 -0.1658452 0.6313838 0.7575289 -0.07679021 0.6592808 0.7479653 0.02514684 -0.1577596 0.9871574 0.07300913 -0.5709722 0.8177166 0.1023281 -0.8571358 0.5048239 0.1952276 -0.8369158 0.5113298 0.258585 -0.5031357 0.8246142 0.5950217 -0.609538 0.523844 0.4826784 -0.3023815 0.821941 0.8071169 -0.3110761 0.5017908 0.5465888 -0.2034578 0.8123088 0.1405342 -0.08433544 0.9864775 0.1615954 -0.0551595 0.9853144 -0.2185657 0.1358084 0.9663257 -0.2492014 0.09203672 0.9640685 -0.5587556 0.3348762 0.7587161 -0.6276175 0.2187051 0.7471709 -0.3074094 0.5576903 0.771026 -0.4540024 0.4453854 0.7716953 0.6558777 0.4005903 -0.6398062 0.8061415 0.04345732 -0.5901249 0.7879133 -0.09148758 -0.6089522 0.7648131 0.09969645 0.6364915 0.4530209 -0.4818374 0.7500698 0.7603563 -0.05899941 0.646821 0.7648152 0.09969651 -0.6364893 0.7603554 -0.0589959 -0.6468224 0.4530216 -0.4818356 -0.7500706 0.9784215 -0.04920905 -0.2006736 0.9981793 0.06031632 -7.87398e-7 0.998746 -0.05006533 -7.8825e-7 0.8751053 -0.04422384 -0.4819077 0.9778 0.05936235 -0.2009558 0.9583147 0.1978247 0.2061516 0.9777999 0.05936276 0.2009566 0.9583148 0.1978244 -0.2061507 0.9793719 0.2020664 -7.7871e-7 0.9625653 -0.1769487 0.2053223 0.8574404 -0.1569689 0.4900579 0.9102892 -0.3552422 0.2125477 0.983494 -0.1809408 1.05341e-6 0.9102894 -0.3552432 -0.2125452 0.9311963 -0.3645182 9.05337e-7 0.8071194 -0.3110772 -0.5017862 0.9625657 -0.1769487 -0.2053203 0.8751026 -0.04422372 0.4819125 0.9784213 -0.0492087 0.2006745 0.8531801 0.1760038 -0.4910259 0.7877891 0.3512462 0.5059789 0.8531777 0.1760033 0.4910304 0.8742542 0.05355733 0.4825051 0.1725869 -0.007574498 -0.9849653 0.5981956 0.03638577 -0.8005236 0.5989893 -0.02969837 -0.8002062 0.2605283 -0.9654663 5.49716e-7 0.149221 -0.9691717 0.1960592 0.3140865 -0.932363 0.1790224 0.1492204 -0.9691721 -0.196058 0.125019 -0.9921544 6.82527e-7 0.09700345 -0.9732622 0.2082095 0.0970034 -0.9732627 -0.2082073 0.09208071 -0.9957516 7.78864e-7 0.4655017 -0.7812396 0.4159001 0.5585754 -0.8294539 5.15088e-7 0.3140859 -0.9323635 -0.179021 0.4655041 -0.7812408 -0.4158952 0.2132517 -0.8546901 -0.4733166 0.1064357 -0.8613207 -0.4967879 0.1023284 -0.8571385 -0.5048192 0.111486 -0.9706353 -0.2131623 0.1126821 -0.9936311 9.68916e-7 0.111486 -0.9706348 0.2131648 0.1064378 -0.8613185 0.4967913 0.2132524 -0.8546862 0.4733237 -0.2611789 0.9496884 -0.1728514 -0.4416845 0.7813505 -0.4409152 -0.2347913 0.8716332 -0.4302659 -0.2678009 0.9624363 -0.04471021 -0.4898079 0.854027 -0.1752883 -0.6444132 0.6239344 -0.4420832 -0.5002902 0.864738 -0.04402256 -0.7098133 0.6818525 -0.1767547 -0.1081313 0.8994476 -0.4234404 -0.1658459 0.6313872 -0.7575259 -0.07679116 0.6592845 -0.7479619 -0.1198704 0.9776952 -0.1724619 -0.122804 0.9913558 -0.04618388 -0.1234831 0.9923467 1.22127e-7 -0.2691265 0.9631049 0 -0.501874 0.8649409 0 -0.7219672 0.6904712 -0.04486632 -0.8670505 0.4982203 0 -0.9478805 0.315661 -0.04336762 -0.8658067 0.4984929 -0.04340285 -0.9349918 0.3132589 -0.1663105 -0.8525949 0.4939805 -0.170485 -0.8609464 0.2918804 -0.4166258 -0.7795785 0.4569621 -0.4283024 -0.6276205 0.2187063 -0.747168 -0.5587581 0.3348783 -0.7587133 -0.4540047 0.4453873 -0.771693 -0.307411 0.5576933 -0.7710232 0.01395756 -0.9056101 0.4238818 -0.2380262 -0.9546715 0.1787342 -0.2163178 -0.8716151 0.4398792 0.01696819 -0.9986456 0.049187 0.01658761 -0.98421 0.176226 -0.5359606 -0.824545 0.1813061 -0.4870453 -0.7494019 0.448535 -0.2431907 -0.9688212 0.04737031 0.08164924 -0.6671851 0.7404036 0.00655049 -0.6639586 0.7477406 0.115964 -0.8988228 0.4226939 0.1338351 -0.9896412 0.05194765 0.1306002 -0.9752421 0.1784557 -0.5455935 -0.8367187 0.04721766 -0.9249507 -0.3774609 0.0446062 -0.7846302 -0.6182671 0.04583907 -0.9118148 -0.3735309 0.1704946 -0.7716973 -0.61075 0.1773917 -0.8367366 -0.3452411 0.4250653 -0.7019952 -0.558696 0.4416579 -0.604418 -0.254128 0.7550483 -0.4967261 -0.3988811 0.770816 -0.1566063 -0.6208199 0.7681518 -0.3455638 -0.5271164 0.7763596 0.6558951 0.4005764 0.639797 0.7876269 -0.09167927 0.6092937 0.8061408 0.04345482 0.590126 0.00491029 0.5858229 0.8104243 0.03957229 0.1685304 0.9849019 0.1471117 0.5558799 0.8181416 -0.002113461 0.1698648 0.9854651 -0.06431996 -0.2374699 0.9692632 0.09211248 0.1383985 0.9860838 0.3172758 0.4647197 0.826663 -0.1337521 -0.1998234 0.9706601 -0.04440176 0.5821096 0.8118972 -0.008223116 0.1598621 0.9871052 -0.001174926 -0.2687225 0.9632169 0.03533232 -0.2799573 0.959362 -0.2366823 -0.1041403 0.9659899 -0.1903812 -0.1553363 0.969343 0.1583942 0.06402146 0.9852982 0.1311752 0.1026625 0.9860292 0.5315883 0.2308384 0.8149403 0.4426673 0.3537868 0.8239421 -0.002113401 0.1698644 -0.9854653 -0.06432032 -0.2374699 -0.9692632 -0.001176297 -0.268729 -0.9632151 0.004910528 0.5858255 -0.8104224 0.03957033 0.1685299 -0.984902 -0.1337516 -0.1998224 -0.9706605 0.1471117 0.555884 -0.818139 0.09211748 0.1384072 -0.9860821 0.03533458 -0.2799586 -0.9593616 -0.008219599 0.1598586 -0.9871057 -0.04439765 0.5821135 -0.8118946 0.3172807 0.4647263 -0.8266574 0.4426711 0.3537881 -0.8239396 0.5315908 0.2308393 -0.8149383 0.131175 0.1026599 -0.9860295 0.1583933 0.06402122 -0.9852983 -0.190382 -0.1553363 -0.9693428 -0.2366832 -0.1041401 -0.9659897 -0.4967283 -0.398883 -0.7708135 -0.3455651 -0.5271189 -0.7763571 0.1317784 -0.5569248 -0.8200423 0.0769397 -0.1479905 -0.9859915 0.2585867 -0.5031385 -0.8246118 0.03785902 -0.160035 -0.9863851 -0.1154647 0.214906 -0.9697852 0.3949934 -0.3994214 -0.8273106 0.116649 -0.1147286 -0.9865245 0.1952282 -0.8369184 -0.5113252 0.07300996 -0.5709752 -0.8177144 0.02514696 -0.1577585 -0.9871575 -0.06463152 0.250301 -0.9660084 -0.02791213 0.2701049 -0.9624263 -0.1731336 0.1735581 -0.9694856 -0.2492021 0.09203708 -0.9640682 -0.2185658 0.1358091 -0.9663255 0.1615946 -0.05515903 -0.9853146 0.1405339 -0.08433508 -0.9864776 0.5465918 -0.2034586 -0.8123066 0.482681 -0.3023834 -0.8219389 0.7233405 -0.4604327 -0.5145681 0.5950237 -0.6095402 -0.5238394 0.3874204 -0.760926 -0.520478 -0.2678008 0.9624364 0.04471027 -0.4898076 0.8540269 0.1752906 -0.5002899 0.8647382 0.04402256 -0.2611789 0.949688 0.1728536 -0.4416832 0.7813478 0.4409216 -0.7098129 0.6818525 0.1767569 -0.7219678 0.6904706 0.04486632 -0.6444109 0.6239326 0.442089 -0.1228041 0.9913558 0.04618394 -0.1198768 0.9776936 0.1724666 -0.2347907 0.8716303 0.4302722 -0.108133 0.8994462 0.4234429 -0.7795758 0.4569611 0.4283083 -0.860944 0.2918791 0.4166321 -0.8525946 0.4939805 0.1704871 -0.9349917 0.3132579 0.1663128 -0.865807 0.4984921 0.04340285 -0.9478807 0.3156605 0.04336762 -0.9488923 0.3156001 0 -0.723159 0.6906816 0 -0.2826921 0.01538848 -0.9590873 0.1724104 0.009639918 -0.984978 -0.2819715 -0.01891773 -0.9592363 -0.6810954 0.03501206 -0.7313572 -0.6799276 -0.04402112 -0.7319567 0.1692538 0.0326116 -0.9850328 0.5803123 0.1181769 -0.8057742 -0.2666898 -0.05647099 -0.9621267 0.8574429 -0.1569692 -0.4900535 0.5831862 -0.1047618 -0.8055551 0.1689032 -0.02843916 -0.9852223 -0.2708818 0.04979866 -0.9613237 0.8742568 0.05355781 -0.4825005 -0.6567024 -0.1352423 -0.7419242 0.1724112 0.00963962 0.9849779 -0.2826923 0.01538807 0.9590872 0.172587 -0.007574737 0.9849653 0.5981929 0.03638499 0.8005257 0.5989863 -0.02969861 0.8002084 -0.26669 -0.05647099 0.9621266 -0.2819709 -0.01891803 0.9592365 0.1692535 0.03261166 0.9850329 -0.2708818 0.04979854 0.9613237 -0.6629585 0.1176323 0.7393571 0.1689035 -0.02843946 0.9852222 0.5831834 -0.1047613 0.8055571 -0.6810924 0.03501123 0.73136 0.5803092 0.1181762 0.8057764 -0.6566996 -0.1352417 0.7419269 -0.6799249 -0.04402118 0.7319593 -0.9842838 -0.06386983 0.1646392 -0.9977047 0.05092525 0.04463344 -0.9851691 0.05016905 0.1640887 -0.9120844 -0.05886304 0.4057553 -0.9131598 0.04636704 0.404956 -0.9787564 -0.1999057 0.04553836 -0.9968969 -0.06490999 0.04453366 -0.9657456 -0.1973149 0.1685296 -0.9840986 0.1717587 0.04526489 -0.9851092 0.1719307 1.29918e-7 -0.9711676 0.1696876 0.1674503 -0.8972966 0.1573001 0.4124506 -0.9986982 0.05100858 -1.71583e-7 -0.8914434 -0.1823123 0.4148385 -0.9797613 -0.2001699 -1.28403e-7 -0.9978829 -0.06503689 -1.23495e-7 -0.9851694 0.05016952 -0.1640866 -0.9122726 -0.05898803 -0.4053137 -0.9131624 0.04636776 -0.40495 -0.9977046 0.05092507 -0.04463362 -0.9842841 -0.06387054 -0.1646369 -0.9968969 -0.06491005 -0.04453384 -0.9657458 -0.197316 -0.1685279 -0.8914459 -0.1823124 -0.4148329 -0.9787561 -0.1999072 -0.04553776 -0.662961 0.1176329 -0.7393546 -0.8972992 0.1573004 -0.412445 -0.971168 0.1696879 -0.1674483 -0.9840985 0.1717593 -0.04526484 0.4402666 -0.8694414 -0.2241361 0.2233782 -0.9747319 9.21529e-7 0.2190225 -0.9510807 -0.2178871 0.6959408 -0.7180992 9.32087e-7 0.4511888 -0.8924285 9.01609e-7 0.4402664 -0.869441 0.2241381 0.2190222 -0.9510802 0.2178894 0.6784991 -0.699044 -0.22578 0.8217487 -0.5258457 -0.2195804 0.842024 -0.5394402 7.46538e-7 0.8217483 -0.5258452 0.2195829 0.7233381 -0.4604312 0.5145729 0.6784991 -0.6990432 0.2257825 0.3874191 -0.7609235 0.5204824 0.6421539 0.08128404 -0.7622541 0.3719466 -0.2253646 -0.9004814 0.6976157 -0.1422058 -0.7022178 0.6220123 0.4147314 -0.6641525 0.2926836 0.1320515 -0.9470474 0.1157169 -0.2714145 -0.955481 0.2408826 0.5554999 -0.7958614 0.05674254 0.1519483 -0.9867584 0.8222705 -0.2351632 -0.5182371 0.01065707 0.5778552 -0.8160698 0.2025538 -0.6355946 -0.7449776 0.5265455 -0.4848443 -0.698338 0.6220112 0.4147332 0.6641525 0.2926821 0.132063 0.9470462 0.2408829 0.5555018 0.7958601 0.6421558 0.08129018 0.7622519 0.3719426 -0.2253619 0.9004836 0.05674028 0.1519608 0.9867565 0.01065236 0.577857 0.8160685 0.1157171 -0.2714027 0.9554843 0.697612 -0.1422088 0.702221 0.8222679 -0.2351624 0.5182414 0.5265357 -0.4848472 0.6983433 0.2025512 -0.6356016 0.7449722 0.9084643 -0.272005 0.3173423 0.7229654 -0.6592751 0.2065852 0.6600608 -0.6240835 0.4181384 0.9474123 -0.2696722 0.1722989 0.7451388 -0.6629688 0.0723918 0.3252462 -0.9250808 0.1960622 0.2800235 -0.8551862 0.436169 0.9609833 -0.2671703 0.07163268 0.9632408 -0.2686397 -3.85342e-7 0.7489281 -0.6626514 -3.43129e-7 0.3436905 -0.937215 0.05920356 0.344534 -0.9387739 -2.3229e-7 0.9474126 -0.2696729 -0.1722963 0.7451385 -0.6629692 -0.07239186 0.9609832 -0.2671704 -0.07163316 0.9084655 -0.2720045 -0.3173393 0.7229634 -0.6592782 -0.2065824 0.3252453 -0.925081 -0.1960635 0.3436911 -0.9372148 -0.05920279 0.6600623 -0.624085 -0.4181334 0.2800284 -0.8551772 -0.4361836 0.9173843 0.3473126 0.1943709 0.6338878 0.7697542 0.07526558 0.9344227 0.3474766 0.07819366 0.8678334 0.3404047 0.3619253 0.6052979 0.7655908 0.2179109 0.1285892 0.9735242 0.1889857 0.1363327 0.9891238 0.05520486 0.1008405 0.8881263 0.4484004 0.9368964 0.3496072 4.02202e-7 0.7616303 0.2793533 0.5847061 0.5383614 0.7053838 0.4610863 0.4192626 0.5231276 0.7419949 0.1366528 0.990619 1.84996e-7 0.6382749 0.7698086 3.31399e-7 0.5688176 -0.4396096 -0.6951187 0.2659167 -0.1371228 -0.9541937 0.2631618 -0.5516501 -0.7914721 0.5772749 -0.08972305 -0.8116055 0.2995977 0.2304158 -0.9258238 0.07658141 -0.1538888 -0.985116 0.102122 -0.5724219 -0.8135751 0.05768656 0.2683226 -0.9616004 0.6247827 0.1574238 -0.7647643 0.7616291 0.2793533 -0.5847076 0.4192644 0.5231322 -0.7419908 0.06818866 0.6481891 -0.7584202 0.8678348 0.3404046 -0.3619219 0.6052917 0.7655953 -0.2179123 0.5383641 0.7053864 -0.4610795 0.9173846 0.3473136 -0.1943681 0.6338855 0.7697565 -0.07526201 0.1008367 0.8881258 -0.4484022 0.1285869 0.9735243 -0.1889863 0.9344226 0.3474769 -0.07819336 0.1363353 0.9891241 -0.05519366 0.5772754 -0.08972287 0.8116052 0.2995974 0.2304148 0.9258242 0.6247875 0.1574203 0.764761 0.5688171 -0.4396075 0.6951205 0.2659161 -0.1371217 0.954194 0.05768555 0.268323 0.9616003 0.2631613 -0.5516438 0.7914767 0.07658112 -0.1538884 0.9851161 0.1021234 -0.572419 0.8135769 0.0681883 0.6481822 0.7584261 0.8718205 -0.3956649 0.2887531 0.9226196 0.2393131 0.3024935 0.9226202 0.2393135 -0.3024917 0.8979907 0.4400146 -4.93117e-7 0.9137302 0.3876233 0.1218411 0.9137295 0.3876256 -0.1218402 0.9493494 0.2999895 0.0934984</float_array>
          <technique_common>
            <accessor source="#cup_lp-mesh-normals-array" count="1012" stride="3">
              <param name="X" type="float"/>
              <param name="Y" type="float"/>
              <param name="Z" type="float"/>
            </accessor>
          </technique_common>
        </source>
        <source id="cup_lp-mesh-map-0">
          <float_array id="cup_lp-mesh-map-0-array" count="12144">0.3434474 0.4674175 0.619005 0.4549685 0.6190049 0.4674175 0.2975485 0.8628645 0.01734447 0.8502071 0.2975486 0.8502071 0.3107968 0.7036861 0.312509 0.7312055 0.3107968 0.7312055 0.312509 0.7036861 0.3140276 0.7312055 0.312509 0.7312055 0.3107968 0.676171 0.312509 0.7036861 0.3107968 0.7036861 0.312509 0.676171 0.3140276 0.7036861 0.312509 0.7036861 0.997527 0.1941972 0.9951693 0.1668099 0.997527 0.1668099 0.9951693 0.08463931 0.9975269 0.1120309 0.9951692 0.1120309 0.3084282 0.5661018 0.3107968 0.5936171 0.3084282 0.5936171 0.312509 0.7587208 0.3140276 0.7312055 0.3140276 0.7587208 0.312509 0.7312055 0.3107968 0.7587208 0.3107968 0.7312055 0.3107967 0.9238583 0.3084282 0.9376344 0.3084282 0.9238583 0.312509 0.9238583 0.3107968 0.9376344 0.3107967 0.9238583 0.997527 0.4270586 0.9951693 0.4133465 0.997527 0.4133465 0.9951693 0.4270586 0.9934651 0.4133465 0.9951693 0.4133465 0.3107968 0.9100839 0.3084282 0.9238583 0.3084282 0.9100839 0.312509 0.9100839 0.3107967 0.9238583 0.3107968 0.9100839 0.3140276 0.9100839 0.312509 0.9238583 0.312509 0.9100839 0.3140276 0.9238583 0.312509 0.9376344 0.312509 0.9238583 0.9934651 0.4270586 0.9919536 0.4133465 0.9934651 0.4133465 0.9934651 0.4133465 0.9919536 0.399636 0.9934651 0.399636 0.9951693 0.4133465 0.9934651 0.399636 0.9951693 0.399636 0.997527 0.4133465 0.9951693 0.399636 0.997527 0.399636 0.993465 0.1120309 0.9951693 0.08463931 0.9951692 0.1120309 0.9919536 0.1120309 0.9934651 0.08463931 0.993465 0.1120309 0.9934651 0.1394183 0.9951692 0.1120309 0.9951693 0.1394183 0.9934651 0.1394183 0.9919536 0.1120309 0.993465 0.1120309 0.3084282 0.8412749 0.3107967 0.86879 0.3084282 0.86879 0.3107968 0.8963094 0.3084282 0.86879 0.3107967 0.86879 0.997527 0.1394183 0.9951692 0.1120309 0.9975269 0.1120309 0.9934651 0.05725193 0.9919536 0.08463931 0.9919536 0.05725193 0.9934651 0.05725193 0.9951693 0.08463931 0.9934651 0.08463931 0.312509 0.86879 0.3107968 0.8963094 0.3107967 0.86879 0.3140276 0.8963094 0.312509 0.86879 0.3140276 0.86879 0.3107968 0.8412749 0.312509 0.86879 0.3107967 0.86879 0.3140276 0.8412749 0.312509 0.86879 0.312509 0.8412749 0.3107968 0.676171 0.3084282 0.7036861 0.3084282 0.676171 0.9951693 0.1394183 0.997527 0.1668099 0.9951693 0.1668099 0.312509 0.8963094 0.3140276 0.9100839 0.312509 0.9100839 0.3107968 0.8963094 0.312509 0.9100839 0.3107968 0.9100839 0.3084282 0.8963094 0.3107968 0.9100839 0.3084282 0.9100839 0.9934651 0.1668099 0.9951693 0.1394183 0.9951693 0.1668099 0.9919536 0.1394183 0.9934651 0.1668099 0.9919536 0.1668099 0.9934651 0.1941972 0.9951693 0.1668099 0.9951693 0.1941972 0.9919536 0.1941972 0.9934651 0.1668099 0.9934651 0.1941972 0.3107968 0.8137555 0.3084282 0.7862402 0.3107968 0.7862402 0.8624055 0.7137463 0.8812782 0.6922459 0.8827146 0.6934219 0.8792945 0.6906185 0.861226 0.7123115 0.8595912 0.7103193 0.3370571 0.3927915 0.399153 0.4214392 0.3370079 0.4212995 0.3158937 0.1934258 0.2537057 0.2215584 0.2538496 0.1929724 0.8812782 0.6922459 0.8986366 0.6695662 0.8827146 0.6934219 0.7028161 0.4753766 0.6780534 0.4888197 0.7016149 0.4731243 0.3991804 0.3928726 0.3370845 0.3642888 0.399191 0.3643206 0.9053947 0.5594778 0.9133521 0.5865045 0.9108117 0.5867534 0.861226 0.7123115 0.8385295 0.7296767 0.8376535 0.7280405 0.3107968 0.6486516 0.3084282 0.676171 0.3084282 0.6486516 0.9842033 0.1120309 0.9821504 0.08463931 0.9842034 0.08463931 0.6796841 0.4908107 0.7028161 0.4753766 0.7695856 0.6005751 0.312509 0.676171 0.3107968 0.6486516 0.312509 0.6486516 0.3140276 0.676171 0.312509 0.6486516 0.3140276 0.6486516 0.3107968 0.6211365 0.312509 0.6486516 0.3107968 0.6486516 0.3140276 0.6211365 0.312509 0.6486516 0.312509 0.6211365 0.9951693 0.2489762 0.997527 0.2215889 0.997527 0.2489762 0.9951693 0.1941972 0.997527 0.2215889 0.9951693 0.2215889 0.9934651 0.1941972 0.9951693 0.2215889 0.9934651 0.2215889 0.9919536 0.1941972 0.9934651 0.2215889 0.9919536 0.2215889 0.9951693 0.2489762 0.9934651 0.2215889 0.9951693 0.2215889 0.9934651 0.2489762 0.9919536 0.2215889 0.9934651 0.2215889 0.3107968 0.7587208 0.3084282 0.7312055 0.3107968 0.7312055 0.3107968 0.7862402 0.3084282 0.7587208 0.3107968 0.7587208 0.312509 0.7587208 0.3107968 0.7862402 0.3107968 0.7587208 0.3140276 0.7862402 0.312509 0.7587208 0.3140276 0.7587208 0.3107968 0.5936171 0.3084282 0.6211365 0.3084282 0.5936171 0.3107968 0.6211365 0.3084282 0.6486516 0.3084282 0.6211365 0.3140276 0.8137555 0.312509 0.7862402 0.3140276 0.7862402 0.312509 0.7862402 0.3107968 0.8137555 0.3107968 0.7862402 0.312509 0.6211365 0.3107968 0.5936171 0.312509 0.5936171 0.3140276 0.6211365 0.312509 0.5936171 0.3140276 0.5936171 0.312509 0.5661018 0.3107968 0.5936171 0.3107968 0.5661018 0.312509 0.5661018 0.3140276 0.5936171 0.312509 0.5936171 0.9951693 0.3037551 0.997527 0.2763678 0.997527 0.3037551 0.9951693 0.2763678 0.997527 0.2489762 0.997527 0.2763678 0.9934651 0.2489762 0.9951693 0.2763678 0.9934651 0.2763678 0.9919536 0.2489762 0.9934651 0.2763678 0.9919536 0.2763678 0.9951693 0.3037551 0.9934651 0.2763678 0.9951693 0.2763678 0.9919536 0.3037551 0.9934651 0.2763678 0.9934651 0.3037551 0.3107967 0.5110673 0.3084282 0.5385823 0.3084282 0.5110673 0.3107968 0.5661018 0.3084282 0.5385823 0.3107968 0.5385823 0.312509 0.5661018 0.3107968 0.5385823 0.312509 0.5385823 0.3140276 0.5661018 0.312509 0.5385823 0.3140276 0.5385823 0.3107967 0.5110673 0.312509 0.5385823 0.3107968 0.5385823 0.312509 0.5110673 0.3140276 0.5385823 0.312509 0.5385823 0.9975269 0.3585339 0.9951693 0.3311467 0.997527 0.3311467 0.9951693 0.3311467 0.997527 0.3037551 0.997527 0.3311467 0.9934651 0.3037551 0.9951693 0.3311467 0.9934651 0.3311467 0.9919536 0.3311467 0.9934651 0.3037551 0.9934651 0.3311467 0.9951693 0.3311467 0.993465 0.3585339 0.9934651 0.3311467 0.9934651 0.3311467 0.9919536 0.3585339 0.9919536 0.3311467 0.3140276 0.676171 0.3199769 0.7036861 0.3140276 0.7036861 0.3107968 0.4835478 0.3084282 0.5110673 0.3084282 0.4835478 0.312509 0.5110673 0.3107968 0.4835478 0.312509 0.4835478 0.3140276 0.5110673 0.312509 0.4835478 0.3140276 0.4835478 0.9842034 0.08463931 0.9821504 0.05725198 0.9842034 0.05725198 0.997527 0.02986037 0.9951693 0.002472937 0.997527 0.002472937 0.9934651 0.02986037 0.9951693 0.002472937 0.9951693 0.02986037 0.321814 0.7312055 0.3199769 0.7036861 0.321814 0.7036861 0.321814 0.6486516 0.3199769 0.676171 0.3199769 0.6486516 0.3140276 0.6486516 0.3199769 0.6211365 0.3199769 0.6486516 0.3140276 0.7312055 0.3199769 0.7036861 0.3199769 0.7312055 0.3288227 0.6663801 0.3434474 0.6912447 0.3288227 0.6912446 0.321814 0.7587208 0.3199769 0.7312055 0.321814 0.7312055 0.321814 0.676171 0.3199769 0.7036861 0.3199769 0.676171 0.321814 0.6211365 0.3199769 0.5936171 0.321814 0.5936171 0.3140276 0.5936171 0.3199769 0.5661018 0.3199769 0.5936171 0.3140276 0.676171 0.3199769 0.6486516 0.3199769 0.676171 0.321814 0.6211365 0.3199769 0.6486516 0.3199769 0.6211365 0.321814 0.5661018 0.3199769 0.5385823 0.321814 0.5385823 0.3140276 0.5385823 0.3199769 0.5110673 0.3199769 0.5385823 0.3140276 0.6211365 0.3199769 0.5936171 0.3199769 0.6211365 0.321814 0.5936171 0.3199769 0.5661018 0.321814 0.5661018 0.321814 0.5110673 0.3199769 0.4835478 0.321814 0.4835478 0.9919536 0.02986037 0.9860318 0.002472937 0.9919536 0.002472937 0.3140276 0.5661018 0.3199769 0.5385823 0.3199769 0.5661018 0.321814 0.5110673 0.3199769 0.5385823 0.3199769 0.5110673 0.9842034 0.05725198 0.9860318 0.02986037 0.9860318 0.05725193 0.9919536 0.08463931 0.9860318 0.05725193 0.9919536 0.05725193 0.3140276 0.5110673 0.3199769 0.4835478 0.3199769 0.5110673 0.9842034 0.002472937 0.9860318 0.02986037 0.9842034 0.02986037 0.9842033 0.1120309 0.9860318 0.08463931 0.9860318 0.1120309 0.9919536 0.1394183 0.9860318 0.1120309 0.9919536 0.1120309 0.9860318 0.02986037 0.9919536 0.05725193 0.9860318 0.05725193 0.9842034 0.08463931 0.9860318 0.05725193 0.9860318 0.08463931 0.9842034 0.1394183 0.9860318 0.1668099 0.9842034 0.1668099 0.9919536 0.1668099 0.9860318 0.1941972 0.9860318 0.1668099 0.9860318 0.08463931 0.9919536 0.1120309 0.9860318 0.1120309 0.9842033 0.1120309 0.9860318 0.1394183 0.9842034 0.1394183 0.9842034 0.1941972 0.9860318 0.2215889 0.9842034 0.2215889 0.9919536 0.2489762 0.9860318 0.2215889 0.9919536 0.2215889 0.9860318 0.1394183 0.9919536 0.1668099 0.9860318 0.1668099 0.9842034 0.1668099 0.9860318 0.1941972 0.9842034 0.1941972 0.9842034 0.2763678 0.9860318 0.2489762 0.9860318 0.2763678 0.9919536 0.2763678 0.9860318 0.3037551 0.9860318 0.2763678 0.9919536 0.1941972 0.9860318 0.2215889 0.9860318 0.1941972 0.9842034 0.2489762 0.9860318 0.2215889 0.9860318 0.2489762 0.9842034 0.3037551 0.9860318 0.3311467 0.9842034 0.3311467 0.9919536 0.3311467 0.9860318 0.3585339 0.9860318 0.3311467 0.9919536 0.2489762 0.9860318 0.2763678 0.9860318 0.2489762 0.9842034 0.3037551 0.9860318 0.2763678 0.9860318 0.3037551 0.9842033 0.3585339 0.9860318 0.3859257 0.9842034 0.3859257 0.3140276 0.8412749 0.3199769 0.86879 0.3140276 0.86879 0.9860318 0.3037551 0.9919536 0.3311467 0.9860318 0.3311467 0.9842034 0.3311467 0.9860318 0.3585339 0.9842033 0.3585339 0.321814 0.86879 0.3199769 0.8963094 0.3199769 0.86879 0.9842034 0.399636 0.9860318 0.3859257 0.9860318 0.399636 0.9860318 0.3585339 0.9919536 0.3859257 0.9860318 0.3859257 0.9919536 0.3859257 0.9860318 0.399636 0.9860318 0.3859257 0.3140276 0.9376344 0.3199769 0.9238583 0.3199769 0.9376344 0.321814 0.9100839 0.3199769 0.9238583 0.3199769 0.9100839 0.321814 0.9238583 0.3199769 0.9376344 0.3199769 0.9238583 0.9842034 0.4133465 0.9860318 0.4270586 0.9842034 0.4270586 0.9842034 0.399636 0.9860318 0.4133465 0.9842034 0.4133465 0.9919536 0.4133465 0.9860318 0.399636 0.9919536 0.399636 0.9860318 0.4133465 0.9919536 0.4270586 0.9860318 0.4270586 0.3140276 0.9238583 0.3199769 0.9100839 0.3199769 0.9238583 0.321814 0.8137555 0.3199769 0.8412749 0.3199769 0.8137555 0.3140276 0.7862402 0.3199769 0.8137555 0.3140276 0.8137555 0.3140276 0.8963094 0.3199769 0.86879 0.3199769 0.8963094 0.321814 0.9100839 0.3199769 0.8963094 0.321814 0.8963094 0.3140276 0.8963094 0.3199769 0.9100839 0.3140276 0.9100839 0.321814 0.8412749 0.3199769 0.86879 0.3199769 0.8412749 0.321814 0.7862402 0.3199769 0.7587208 0.321814 0.7587208 0.3140276 0.7587208 0.3199769 0.7312055 0.3199769 0.7587208 0.3199769 0.8412749 0.3140276 0.8137555 0.3199769 0.8137555 0.321814 0.8137555 0.3199769 0.7862402 0.321814 0.7862402 0.9842034 0.05725198 0.9821504 0.02986037 0.9842034 0.02986037 0.3199769 0.7862402 0.3140276 0.7587208 0.3199769 0.7587208 0.01734447 0.4835481 0.2975487 0.5088317 0.01734453 0.5088317 0.01734453 0.5088317 0.2975486 0.5341196 0.01734447 0.5341197 0.01734447 0.5341197 0.2975486 0.5594034 0.01734447 0.5594035 0.9842034 0.1394183 0.9821504 0.1120309 0.9842033 0.1120309 0.9821504 0.3859257 0.9842033 0.3585339 0.9842034 0.3859257 0.3238765 0.7036861 0.321814 0.7312055 0.321814 0.7036861 0.2975486 0.6099751 0.01734447 0.5846914 0.2975486 0.5846913 0.321814 0.8412749 0.3238765 0.86879 0.321814 0.86879 0.7047244 0.2089137 0.7754297 0.1227869 0.7228868 0.2210519 0.6190049 0.4923126 0.3434474 0.479865 0.6190049 0.479865 0.321814 0.86879 0.3238765 0.8963094 0.321814 0.8963094 0.9821504 0.1668099 0.9842034 0.1394183 0.9842034 0.1668099 0.6190049 0.6912448 0.3434475 0.6663801 0.6190049 0.6663802 0.9842034 0.1668099 0.9821504 0.1941972 0.9821504 0.1668099 0.321814 0.5936171 0.3238765 0.5661018 0.3238765 0.5936171 0.3434473 0.6415117 0.6190049 0.6166471 0.6190049 0.6415116 0.321814 0.8137555 0.3238765 0.8412749 0.321814 0.8412749 0.9842034 0.2763678 0.9821504 0.2489762 0.9842034 0.2489762 0.6190049 0.517181 0.3434473 0.5420455 0.3434473 0.517181 0.8279337 0.2210651 0.8520964 0.2162229 0.832395 0.2293861 0.3434473 0.5917786 0.6190049 0.5669141 0.6190049 0.5917785 0.321814 0.6486516 0.3238765 0.6211365 0.3238765 0.6486516 0.321814 0.676171 0.3238765 0.7036861 0.321814 0.7036861 0.3434473 0.6415117 0.6190049 0.6663802 0.3434475 0.6663801 0.321814 0.6486516 0.3238765 0.676171 0.321814 0.676171 0.321814 0.7862402 0.3238765 0.8137555 0.321814 0.8137555 0.9821504 0.2215889 0.9842034 0.1941972 0.9842034 0.2215889 0.3238765 0.7587208 0.321814 0.7862402 0.321814 0.7587208 0.9842034 0.2489762 0.9821504 0.2215889 0.9842034 0.2215889 0.3238765 0.5936171 0.321814 0.6211365 0.321814 0.5936171 0.321814 0.7587208 0.3238765 0.7312055 0.3238765 0.7587208 0.6190049 0.5669141 0.3434473 0.5420455 0.6190049 0.5420456 0.9842034 0.2763678 0.9821504 0.3037551 0.9821504 0.2763678 0.3238765 0.5385823 0.321814 0.5661018 0.321814 0.5385823 0.321814 0.5110673 0.3238765 0.5385823 0.321814 0.5385823 0.9821504 0.3311467 0.9842034 0.3037551 0.9842034 0.3311467 0.9842034 0.3311467 0.9821504 0.3585339 0.9821504 0.3311467 0.3238765 0.4835478 0.321814 0.5110673 0.321814 0.4835478 0.9842034 0.002472937 0.9821504 0.02986037 0.9821504 0.002472937 0.3288226 0.6415116 0.3434475 0.6663801 0.3288227 0.6663801 0.7863299 0.2336789 0.8105072 0.2384517 0.7872675 0.2430739 0.7754297 0.1227869 0.6645277 0.1336961 0.6645289 0.1118532 0.8615431 0.1934916 0.8520964 0.2162229 0.8460976 0.2089322 0.8077548 0.2294202 0.832395 0.2293861 0.8105072 0.2384517 0.3288227 0.7161131 0.3434474 0.7409778 0.3288227 0.7409777 0.3288227 0.7161131 0.3434474 0.6912447 0.3434474 0.7161132 0.7430648 0.2294123 0.7635759 0.2430739 0.7403357 0.2384513 0.7863299 0.2336789 0.7635759 0.2430739 0.7644891 0.2336763 0.3288227 0.7658461 0.3434474 0.7907108 0.3288227 0.7907108 0.3288227 0.7409777 0.3434474 0.7658463 0.3288227 0.7658461 0.7228868 0.2210519 0.698744 0.2162206 0.7047244 0.2089137 0.7228868 0.2210519 0.7403357 0.2384513 0.7184469 0.229385 0.3288227 0.8155792 0.3434474 0.8404439 0.3288227 0.8404438 0.3288227 0.7907108 0.3434474 0.8155793 0.3288227 0.8155792 0.6771458 0.175303 0.6819902 0.1994678 0.6688243 0.1797652 0.7695856 0.6005751 0.6338477 0.559243 0.6445266 0.5335628 0.6892812 0.1934679 0.698744 0.2162206 0.6819902 0.1994678 0.002473115 0.5088317 0.01734447 0.4835481 0.01734453 0.5088317 0.3288227 0.8404438 0.3434474 0.8653123 0.3288227 0.8653122 0.6645277 0.1336961 0.6597563 0.157876 0.6551319 0.1346344 0.6771458 0.175303 0.6597563 0.157876 0.6687884 0.1551226 0.002473056 0.5594035 0.01734447 0.5341197 0.01734447 0.5594035 0.002473056 0.5341197 0.01734453 0.5088317 0.01734447 0.5341197 0.6645289 0.1118532 0.6597516 0.08769774 0.6687917 0.0904265 0.6645277 0.1336961 0.6551303 0.1109406 0.6645289 0.1118532 0.002473056 0.6099752 0.01734447 0.5846914 0.01734447 0.6099752 0.002473056 0.5846914 0.01734447 0.5594035 0.01734447 0.5846914 0.6771515 0.07024592 0.6819815 0.04610043 0.6892895 0.05208092 0.6771515 0.07024592 0.6597516 0.08769774 0.6688173 0.06580615 0.002473056 0.6605469 0.01734447 0.6352631 0.01734447 0.6605469 0.002473056 0.6099752 0.01734447 0.6352631 0.002473056 0.6352631 0.7047358 0.03663504 0.7184382 0.01617509 0.7229016 0.02449721 0.6892895 0.05208092 0.6987347 0.02934384 0.7047358 0.03663504 0.002473115 0.7111186 0.01734453 0.6858347 0.01734453 0.7111186 0.002473115 0.6858347 0.01734447 0.6605469 0.01734453 0.6858347 0.764512 0.01187437 0.7403289 0.007104516 0.7635726 0.002477467 0.7430833 0.01613742 0.7184382 0.01617509 0.7403289 0.007104516 0.002473115 0.7364064 0.01734453 0.7616903 0.002473115 0.7616903 0.002473115 0.7364064 0.01734453 0.7111186 0.01734453 0.7364064 0.8077903 0.01613444 0.7872694 0.002473056 0.8105176 0.007090628 0.7863579 0.01187348 0.7635726 0.002477467 0.7872694 0.002473056 0.002473115 0.7869781 0.01734453 0.8122619 0.002473115 0.8122619 0.002473115 0.7616903 0.01734453 0.7869781 0.002473115 0.7869781 0.8279827 0.02449429 0.8521628 0.02930974 0.8461747 0.03664231 0.8279827 0.02449429 0.8105176 0.007090628 0.8324221 0.01615041 0.3288226 0.5420455 0.3434473 0.517181 0.3434473 0.5420455 0.002473115 0.8122619 0.01734447 0.8375498 0.002473056 0.8375498 0.8863314 0.1119088 0.8911368 0.08777052 0.8957161 0.1109841 0.002473056 0.8502071 0.01734447 0.8375498 0.01734447 0.8502071 0.854307 0.04397106 0.8521628 0.02930974 0.8609746 0.03729873 0.8737892 0.0702933 0.8760292 0.05565196 0.8821219 0.06586265 0.8616479 0.05209046 0.8760292 0.05565196 0.8681573 0.06090086 0.3288227 0.4674175 0.3434474 0.4549685 0.3434474 0.4674175 0.002473056 0.8628646 0.01734441 0.8755235 0.002473056 0.8755235 0.854307 0.04397106 0.8689473 0.04609745 0.8616479 0.05209046 0.002473056 0.8502071 0.01734441 0.8628646 0.002473056 0.8628646 0.3288227 0.479865 0.3434474 0.4674175 0.3434474 0.479865 0.8784633 0.08018082 0.8821219 0.06586265 0.8871681 0.07659775 0.3288226 0.5171809 0.3434474 0.4923125 0.3434473 0.517181 0.8863127 0.1337406 0.8910796 0.1578888 0.8820435 0.1551588 0.7695856 0.6005751 0.8947741 0.5337721 0.9053947 0.5594778 0.8784633 0.08018082 0.8911368 0.08777052 0.8821134 0.0904833 0.3288227 0.479865 0.3434474 0.4923125 0.3288227 0.4923125 0.8863314 0.1119088 0.8957049 0.1346573 0.8863127 0.1337406 0.3288226 0.5917786 0.3434473 0.566914 0.3434473 0.5917786 0.3288226 0.566914 0.3434473 0.5420455 0.3434473 0.566914 0.8736816 0.1753326 0.8688486 0.1994721 0.8615431 0.1934916 0.8820435 0.1551588 0.882013 0.1797727 0.8736816 0.1753326 0.3288226 0.6166471 0.3434473 0.6415117 0.3288226 0.6415116 0.3288226 0.5917786 0.3434473 0.6166472 0.3288226 0.6166471 0.7695856 0.6005751 0.9053707 0.6418257 0.8947415 0.6674875 0.9312262 0.462131 0.9201434 0.4549684 0.9312262 0.4549684 0.9312262 0.4696785 0.9201434 0.462131 0.9312262 0.462131 0.9006622 0.3481292 0.9120444 0.3407729 0.9120444 0.3481291 0.9006622 0.340773 0.9120445 0.3330216 0.9120444 0.3407729 0.6092304 0.02687937 0.61595 0.01920533 0.6115722 0.03421682 0.940911 0.462131 0.9312262 0.4549684 0.940911 0.4549684 0.940911 0.4696785 0.9312262 0.462131 0.940911 0.462131 0.940911 0.4805219 0.9312262 0.4696785 0.940911 0.4696785 0.9312262 0.4805219 0.9201434 0.4696785 0.9312262 0.4696785 0.9006623 0.3330216 0.9120445 0.3218852 0.9120445 0.3330216 0.9120445 0.3330216 0.921991 0.3218852 0.921991 0.3330216 0.9120444 0.3407729 0.921991 0.3330216 0.9219909 0.3407729 0.9120444 0.3481291 0.9219909 0.3407729 0.9219909 0.3481291 0.03673577 0.01903551 0.04345536 0.02672374 0.04110455 0.03406643 0.03378391 0.005575299 0.03930163 0.01679855 0.03673577 0.01903551 0.6133887 0.01696836 0.6189107 0.005761921 0.61595 0.01920533 0.854307 0.04397106 0.7754297 0.1227869 0.8461747 0.03664231 0.7754297 0.1227869 0.764512 0.01187437 0.7863579 0.01187348 0.6771458 0.175303 0.6687884 0.1551226 0.7754297 0.1227869 0.6599936 0.5104526 0.7695856 0.6005751 0.6445266 0.5335628 0.8108859 0.4648252 0.7838684 0.4568241 0.8116287 0.462383 0.8279337 0.2210651 0.7754297 0.1227869 0.8460976 0.2089322 0.6645277 0.1336961 0.7754297 0.1227869 0.6687884 0.1551226 0.8377857 0.4732269 0.8121669 0.4606083 0.8386597 0.4715913 0.7754297 0.1227869 0.7229016 0.02449721 0.7430833 0.01613742 0.6687917 0.0904265 0.7754297 0.1227869 0.6645289 0.1118532 0.628394 0.5865108 0.6338477 0.559243 0.7695856 0.6005751 0.7695856 0.6005751 0.6283358 0.6143209 0.628394 0.5865108 0.7695856 0.6005751 0.6512584 0.6793723 0.6441733 0.667378 0.6595354 0.6906124 0.7695856 0.6005751 0.6688998 0.7009876 0.6688998 0.7009876 0.7695856 0.6005751 0.6792445 0.7103943 0.6595354 0.6906124 0.6512584 0.6793723 0.7695856 0.6005751 0.7695856 0.6005751 0.6904736 0.7187237 0.6792445 0.7103943 0.7229016 0.02449721 0.7754297 0.1227869 0.7047358 0.03663504 0.7024976 0.7258681 0.6904736 0.7187237 0.7695856 0.6005751 0.7754297 0.1227869 0.8077903 0.01613444 0.8279827 0.02449429 0.764512 0.01187437 0.7754297 0.1227869 0.7430833 0.01613742 0.7834402 0.7418561 0.7556044 0.7418515 0.7695856 0.6005751 0.8947415 0.6674875 0.8792945 0.6906185 0.7695856 0.6005751 0.7754297 0.1227869 0.8279337 0.2210651 0.8077548 0.2294202 0.8077903 0.01613444 0.7754297 0.1227869 0.7863579 0.01187348 0.8595912 0.7103193 0.8364495 0.7257872 0.7695856 0.6005751 0.9108117 0.5867534 0.7695856 0.6005751 0.9053947 0.5594778 0.8365708 0.4754957 0.8596858 0.4909567 0.7695856 0.6005751 0.9053707 0.6418257 0.7695856 0.6005751 0.9107919 0.6145628 0.8820435 0.1551588 0.7754297 0.1227869 0.8863127 0.1337406 0.8820435 0.1551588 0.8736816 0.1753326 0.7754297 0.1227869 0.7754297 0.1227869 0.8863314 0.1119088 0.8863127 0.1337406 0.8615431 0.1934916 0.7754297 0.1227869 0.8736816 0.1753326 0.997527 0.3859257 0.9951692 0.3585339 0.9975269 0.3585339 0.8793335 0.510643 0.8947741 0.5337721 0.7695856 0.6005751 0.8792945 0.6906185 0.8595912 0.7103193 0.7695856 0.6005751 0.6599936 0.5104526 0.6796841 0.4908107 0.7695856 0.6005751 0.7695856 0.6005751 0.8596858 0.4909567 0.8793335 0.510643 0.8460976 0.2089322 0.7754297 0.1227869 0.8615431 0.1934916 0.7695856 0.6005751 0.8108859 0.4648252 0.8365708 0.4754957 0.783614 0.4593852 0.8108859 0.4648252 0.7695856 0.6005751 0.7695856 0.6005751 0.7558013 0.4593544 0.783614 0.4593852 0.5958247 0.2785117 0.6443395 0.2499182 0.6443578 0.2784894 0.9951693 0.3859257 0.993465 0.3585339 0.9951692 0.3585339 0.993465 0.3585339 0.9919536 0.3859257 0.9919536 0.3585339 0.5958773 0.4214339 0.6444401 0.4499996 0.5958849 0.4500223 0.00818932 0.4214057 0.05675178 0.3928319 0.05674386 0.4214221 0.997527 0.3859257 0.9951693 0.399636 0.9951693 0.3859257 0.9951693 0.3859257 0.9934651 0.399636 0.9934651 0.3859257 0.9934651 0.3859257 0.9919536 0.399636 0.9919536 0.3859257 0.9951693 0.05725193 0.997527 0.02986037 0.997527 0.05725193 0.9934651 0.05725193 0.9951693 0.02986037 0.9951693 0.05725193 0.9919536 0.05725193 0.9934651 0.02986037 0.9934651 0.05725193 0.8813241 0.5090118 0.8624829 0.4875508 0.8827575 0.5078349 0.8596858 0.4909567 0.8813241 0.5090118 0.8793335 0.510643 0.2536047 0.2501239 0.3156204 0.2788094 0.2535302 0.2786762 0.8813241 0.5090118 0.8986614 0.5316955 0.8970261 0.5325701 0.6258334 0.5862545 0.623951 0.6147437 0.6239883 0.5860715 0.9951693 0.08463931 0.997527 0.05725193 0.997527 0.08463931 0.8365708 0.4754957 0.8613067 0.4889845 0.8596858 0.4909567 0.008304119 0.2213371 0.05677586 0.192726 0.05680245 0.2213163 0.2535333 0.4786018 0.3156374 0.4498648 0.3157187 0.4783705 0.6336824 0.6416 0.6257959 0.6145648 0.6283358 0.6143209 0.6283358 0.6143209 0.6258334 0.5862545 0.628394 0.5865108 0.3991032 0.4500223 0.3370079 0.4212995 0.399153 0.4214392 0.631406 0.5584991 0.6239883 0.5860715 0.6296317 0.5579602 0.907858 0.558732 0.8986614 0.5316955 0.9096324 0.5581932 0.6257959 0.6145648 0.6294454 0.642866 0.623951 0.6147437 0.9919536 0.02986037 0.9934651 0.002472937 0.9934651 0.02986037 0.2536047 0.2501239 0.05680245 0.2213163 0.2537057 0.2215584 0.337094 0.335785 0.399191 0.3643206 0.3370845 0.3642888 0.8947741 0.5337721 0.8813241 0.5090118 0.8970261 0.5325701 0.8947741 0.5337721 0.907858 0.558732 0.9053947 0.5594778 0.9133521 0.5865045 0.9096324 0.5581932 0.9151973 0.586322 0.3107968 0.8412749 0.3084282 0.8137555 0.3107968 0.8137555 0.3986252 0.1643657 0.3362902 0.1367002 0.3983352 0.1357043 0.2534548 0.4214412 0.3155655 0.3928418 0.3155861 0.4213572 0.628394 0.5865108 0.631406 0.5584991 0.6338477 0.559243 0.312509 0.8137555 0.3107968 0.8412749 0.3107968 0.8137555 0.3140276 0.8137555 0.312509 0.8412749 0.312509 0.8137555 0.631406 0.5584991 0.6406229 0.5314727 0.6422582 0.5323471 0.6338477 0.559243 0.6422582 0.5323471 0.6445266 0.5335628 0.658022 0.5088313 0.6406229 0.5314727 0.6565886 0.5076548 0.9133522 0.6148158 0.9151973 0.586322 0.9151973 0.6149966 0.2534829 0.4500068 0.3155861 0.4213572 0.3156374 0.4498648 0.3986252 0.1643657 0.3367953 0.1934331 0.3365864 0.1650304 0.8364495 0.7257872 0.861226 0.7123115 0.8376535 0.7280405 0.9108117 0.5867534 0.9133522 0.6148158 0.9107919 0.6145628 0.907811 0.642566 0.9151973 0.6149966 0.9095845 0.6431023 0.8114786 0.7388896 0.8385295 0.7296767 0.8120186 0.740665 0.2534371 0.3928778 0.3155525 0.3643301 0.3155655 0.3928418 0.2534401 0.3643277 0.3155646 0.335816 0.3155525 0.3643301 0.6445266 0.5335628 0.658022 0.5088313 0.6599936 0.5104526 0.8376535 0.7280405 0.8107316 0.7364251 0.8364495 0.7257872 0.8114786 0.7388896 0.7838739 0.7462449 0.7836905 0.7443982 0.658022 0.5088313 0.676877 0.4873862 0.6780534 0.4888197 0.253484 0.3072285 0.3155646 0.335816 0.2534516 0.3357753 0.3158937 0.1934258 0.2540596 0.1643561 0.3160923 0.1650345 0.9107919 0.6145628 0.907811 0.642566 0.9053707 0.6418257 0.658022 0.5088313 0.6796841 0.4908107 0.6599936 0.5104526 0.6780534 0.4888197 0.7007408 0.4714889 0.7016149 0.4731243 0.907811 0.642566 0.8986366 0.6695662 0.897001 0.6686946 0.3989595 0.2215664 0.3367953 0.1934331 0.3988171 0.1929937 0.3989595 0.2215664 0.3369991 0.2503204 0.3369197 0.2218545 0.7834402 0.7418561 0.8114786 0.7388896 0.7836905 0.7443982 0.9053707 0.6418257 0.897001 0.6686946 0.8947415 0.6674875 0.7836905 0.7443982 0.7551741 0.7462627 0.7553533 0.7444153 0.253484 0.3072285 0.3156204 0.2788094 0.3155795 0.3073089 0.7836905 0.7443982 0.7556044 0.7418515 0.7834402 0.7418561 0.7553533 0.7444153 0.7270173 0.7406798 0.7275507 0.7389011 0.7277789 0.4622998 0.7007408 0.4714889 0.7272406 0.4605253 0.2540596 0.1643561 0.3164345 0.1366779 0.3160923 0.1650345 0.3164345 0.1366779 0.2547499 0.1068837 0.3169055 0.1083967 0.8947415 0.6674875 0.8812782 0.6922459 0.8792945 0.6906185 0.7016149 0.4731243 0.7285238 0.4647632 0.7028161 0.4753766 0.7277789 0.4622998 0.7553713 0.4549684 0.7555532 0.4568138 0.7012934 0.7281402 0.7270173 0.7406798 0.7004317 0.729794 0.2552698 0.07792204 0.3169055 0.1083967 0.2547499 0.1068837 0.5963293 0.1068532 0.3974381 0.07790315 0.5967361 0.07809287 0.7282873 0.7364532 0.7553533 0.7444153 0.7275507 0.7389011 0.7275507 0.7389011 0.7024976 0.7258681 0.7282873 0.7364532 0.6904736 0.7187237 0.7012934 0.7281402 0.6890453 0.7208692 0.7555532 0.4568138 0.7840501 0.4549786 0.7838684 0.4568241 0.2795421 0.03433352 0.3191519 0.05227172 0.2559024 0.04971212 0.3979585 0.1068917 0.3362902 0.1367002 0.3357611 0.108404 0.6890453 0.7208692 0.7004317 0.729794 0.6880188 0.7224103 0.7555532 0.4568138 0.783614 0.4593852 0.7558013 0.4593544 0.7838684 0.4568241 0.8121669 0.4606083 0.8116287 0.462383 0.6443918 0.3356537 0.5958601 0.3642622 0.5958488 0.3356767 0.3991634 0.3072272 0.337094 0.335785 0.337077 0.3072893 0.3669942 0.005502164 0.3307078 0.02468526 0.3288226 0.01076632 0.7558013 0.4593544 0.7277789 0.4622998 0.7555532 0.4568138 0.6575461 0.6922332 0.6657658 0.7041094 0.6561089 0.6934038 0.6776145 0.7123796 0.6657658 0.7041094 0.6670839 0.7027965 0.3219857 0.02474886 0.2857317 0.005560338 0.3238765 0.01083976 0.3203445 0.03855752 0.2825629 0.01951044 0.3219857 0.02474886 0.6512584 0.6793723 0.6575461 0.6922332 0.6491144 0.6807889 0.6595354 0.6906124 0.6670839 0.7027965 0.6575461 0.6922332 0.6792445 0.7103943 0.6670839 0.7027965 0.6688998 0.7009876 0.6904736 0.7187237 0.6776145 0.7123796 0.6792445 0.7103943 0.6890453 0.7208692 0.6764369 0.7138138 0.6776145 0.7123796 0.370158 0.01946222 0.3323433 0.03850364 0.3307078 0.02468526 0.6451297 0.07933765 0.597235 0.05036014 0.6461052 0.05140763 0.6491144 0.6807889 0.6561089 0.6934038 0.6475739 0.6818062 0.399191 0.3643206 0.595869 0.3928444 0.3991804 0.3928726 0.05673664 0.45001 0.2535333 0.4786018 0.05673092 0.4786018 0.6444184 0.3928261 0.5958601 0.3642622 0.6444054 0.3642413 0.5958773 0.4214339 0.3991804 0.3928726 0.595869 0.3928444 0.2536047 0.2501239 0.05679869 0.2784913 0.05680602 0.2499077 0.3357611 0.108404 0.3974381 0.07790315 0.3979585 0.1068917 0.0563274 0.1067867 0.2543349 0.1356554 0.05656194 0.1354874 0.5958366 0.3070963 0.3991828 0.3357705 0.3991634 0.3072272 0.2186809 0.02624928 0.09876811 0.01904231 0.2154247 0.01814973 0.2154247 0.01814973 0.09989833 0.01145815 0.2141567 0.01055645 0.3968134 0.04968953 0.3731732 0.03429496 0.378303 0.03322833 0.5959131 0.1641495 0.6443223 0.1928212 0.5958446 0.192752 0.3991203 0.2786786 0.3369991 0.2503204 0.3990556 0.2501322 0.2975486 0.5846913 0.01734447 0.5594035 0.2975486 0.5594034 0.6446307 0.1075715 0.5967361 0.07809287 0.6451297 0.07933765 0.008180439 0.4499934 0.05674386 0.4214221 0.05673664 0.45001 0.008212685 0.3642257 0.05677384 0.3356602 0.05676198 0.3642478 0.0559287 0.07798773 0.007949292 0.1074953 0.00747025 0.07921087 0.5958366 0.3070963 0.6443918 0.3356537 0.5958488 0.3356767 0.008303463 0.1928007 0.05671525 0.1641129 0.05677586 0.192726 0.05676198 0.3642478 0.008199691 0.3928132 0.008212685 0.3642257 0.6443249 0.221356 0.5958169 0.2499299 0.5958201 0.2213426 0.6443249 0.221356 0.5958446 0.192752 0.6443223 0.1928212 0.05678689 0.3070782 0.008268773 0.2784693 0.05679869 0.2784913 0.3084282 0.7036861 0.3107968 0.7312055 0.3084282 0.7312055 0.5959131 0.1641495 0.6444324 0.1358939 0.6443483 0.1643226 0.05656194 0.1354874 0.007949292 0.1074953 0.0563274 0.1067867 0.008192718 0.1358655 0.05671525 0.1641129 0.008269846 0.1642895 0.6443578 0.2784894 0.5958366 0.3070963 0.5958247 0.2785117 0.05677586 0.192726 0.2537057 0.2215584 0.05680245 0.2213163 0.6257734 0.006975889 0.6485279 0.02377915 0.6236431 0.02101534 0.05678689 0.3070782 0.008228778 0.3356353 0.008247792 0.3070522 0.0081712 0.4785845 0.05673664 0.45001 0.05673092 0.4786018 0.004118502 0.02358514 0.02691286 0.006784379 0.02903306 0.02084064 0.005530357 0.03743237 0.02903306 0.02084064 0.03064125 0.03531002 0.6236431 0.02101534 0.6471051 0.03760987 0.6220238 0.03546828 0.008289277 0.2498989 0.05679869 0.2784913 0.008268773 0.2784693 0.595869 0.3928444 0.6444286 0.4214155 0.5958773 0.4214339 0.2264435 0.03631687 0.09564357 0.02713155 0.2186809 0.02624928 0.2141567 0.01055645 0.1000958 0.004089534 0.2138113 0.003175973 0.5528287 0.01156014 0.4373148 0.01815998 0.4385888 0.01056861 0.5539525 0.01914358 0.4340525 0.0262559 0.4373148 0.01815998 0.006519198 0.0512467 0.03064125 0.03531002 0.05544108 0.05023545 0.008289277 0.2498989 0.05680245 0.2213163 0.05680602 0.2499077 0.6446307 0.1075715 0.5960542 0.1355209 0.5963293 0.1068532 0.5526373 0.004192829 0.4385888 0.01056861 0.4389401 0.003189504 0.4262827 0.03631645 0.5570698 0.02723354 0.5646675 0.03726905 0.00747025 0.07921087 0.05544108 0.05023545 0.0559287 0.07798773 0.399191 0.3643206 0.5958488 0.3356767 0.5958601 0.3642622 0.2975486 0.8755235 0.01734441 0.8628646 0.2975485 0.8628645 0.9842034 0.4133465 0.9821504 0.399636 0.9842034 0.399636 0.9842034 0.4270586 0.9821504 0.4133465 0.9842034 0.4133465 0.321814 0.9376344 0.3238765 0.9238583 0.3238765 0.9376344 0.321814 0.9238583 0.3238765 0.9100839 0.3238765 0.9238583 0.3434474 0.479865 0.6190049 0.4674175 0.6190049 0.479865 0.2975487 0.786978 0.01734453 0.8122619 0.01734453 0.7869781 0.01734453 0.8122619 0.2975486 0.8375496 0.01734447 0.8375498 0.9842034 0.3859257 0.9821504 0.399636 0.9821504 0.3859257 0.01734447 0.8502071 0.2975486 0.8375496 0.2975486 0.8502071 0.6190049 0.8155794 0.3434474 0.8404439 0.3434474 0.8155793 0.3434474 0.8404439 0.6190049 0.8653123 0.3434474 0.8653123 0.2975487 0.7364063 0.01734453 0.7616903 0.01734453 0.7364064 0.01734453 0.7869781 0.2975487 0.7616903 0.2975487 0.786978 0.3434474 0.7658463 0.6190049 0.7907108 0.3434474 0.7907108 0.3434474 0.7907108 0.6190049 0.8155794 0.3434474 0.8155793 0.01734453 0.6858347 0.2975487 0.7111186 0.01734453 0.7111186 0.01734453 0.7111186 0.2975487 0.7364063 0.01734453 0.7364064 0.6190049 0.7161131 0.3434474 0.7409778 0.3434474 0.7161132 0.3434474 0.7658463 0.6190049 0.7409778 0.6190049 0.7658462 0.3434473 0.6166472 0.6190049 0.5917785 0.6190049 0.6166471 0.2975486 0.6352629 0.01734447 0.6605469 0.01734447 0.6352631 0.01734447 0.6605469 0.2975487 0.6858345 0.01734453 0.6858347 0.3434474 0.6912447 0.6190049 0.7161131 0.3434474 0.7161132 0.01734447 0.6352631 0.2975486 0.6099751 0.2975486 0.6352629 0.321814 0.8963094 0.3238765 0.9100839 0.321814 0.9100839 0.3434474 0.4923125 0.6190049 0.517181 0.3434473 0.517181 0.7754297 0.1227869 0.7047244 0.2089137 0.6892812 0.1934679 0.7430648 0.2294123 0.7228868 0.2210519 0.7754297 0.1227869 0.7430648 0.2294123 0.7754297 0.1227869 0.7644891 0.2336763 0.7863299 0.2336789 0.7754297 0.1227869 0.8077548 0.2294202 0.7863299 0.2336789 0.7644891 0.2336763 0.7754297 0.1227869 0.8863314 0.1119088 0.7754297 0.1227869 0.8821134 0.0904833 0.8461747 0.03664231 0.7754297 0.1227869 0.8279827 0.02449429 0.7754297 0.1227869 0.8784633 0.08018082 0.8821134 0.0904833 0.8681573 0.06090086 0.7754297 0.1227869 0.8616479 0.05209046 0.7695856 0.6005751 0.7028161 0.4753766 0.7285238 0.4647632 0.7834402 0.7418561 0.7695856 0.6005751 0.8107316 0.7364251 0.8737892 0.0702933 0.7754297 0.1227869 0.8681573 0.06090086 0.8784633 0.08018082 0.7754297 0.1227869 0.8737892 0.0702933 0.7754297 0.1227869 0.854307 0.04397106 0.8616479 0.05209046 0.7695856 0.6005751 0.8364495 0.7257872 0.8107316 0.7364251 0.7695856 0.6005751 0.9108117 0.5867534 0.9107919 0.6145628 0.7556044 0.7418515 0.7282873 0.7364532 0.7695856 0.6005751 0.7285238 0.4647632 0.7558013 0.4593544 0.7695856 0.6005751 0.6336824 0.6416 0.6283358 0.6143209 0.7695856 0.6005751 0.7695856 0.6005751 0.7282873 0.7364532 0.7024976 0.7258681 0.7754297 0.1227869 0.6892895 0.05208092 0.7047358 0.03663504 0.6892895 0.05208092 0.7754297 0.1227869 0.6771515 0.07024592 0.6687917 0.0904265 0.6771515 0.07024592 0.7754297 0.1227869 0.7695856 0.6005751 0.6441733 0.667378 0.6336824 0.6416 0.6771458 0.175303 0.7754297 0.1227869 0.6892812 0.1934679 0.8116287 0.462383 0.8365708 0.4754957 0.8108859 0.4648252 0.5958169 0.2499299 0.3989595 0.2215664 0.5958201 0.2213426 0.6441733 0.667378 0.6312193 0.6423351 0.6336824 0.6416 0.5646675 0.03726905 0.3968134 0.04968953 0.4262827 0.03631645 0.399153 0.4214392 0.5958849 0.4500223 0.3991032 0.4500223 0.5958366 0.3070963 0.3991203 0.2786786 0.5958247 0.2785117 0.5967361 0.07809287 0.3968134 0.04968953 0.597235 0.05036014 0.2547499 0.1068837 0.0559287 0.07798773 0.2552698 0.07792204 0.3177504 0.08017152 0.2559024 0.04971212 0.3191519 0.05227172 0.5958169 0.2499299 0.3991203 0.2786786 0.3990556 0.2501322 0.2559024 0.04971212 0.08803588 0.03716349 0.2264435 0.03631687 0.05679869 0.2784913 0.253484 0.3072285 0.05678689 0.3070782 0.05671525 0.1641129 0.2543349 0.1356554 0.2540596 0.1643561 0.05671525 0.1641129 0.2538496 0.1929724 0.05677586 0.192726 0.05677384 0.3356602 0.253484 0.3072285 0.2534516 0.3357753 0.05674386 0.4214221 0.2534371 0.3928778 0.2534548 0.4214412 0.5958446 0.192752 0.3989595 0.2215664 0.3988171 0.1929937 0.6419138 0.6685678 0.6294454 0.642866 0.6312193 0.6423351 0.05675178 0.3928319 0.2534401 0.3643277 0.2534371 0.3928778 0.05677384 0.3356602 0.2534401 0.3643277 0.05676198 0.3642478 0.5958446 0.192752 0.3986252 0.1643657 0.5959131 0.1641495 0.5960542 0.1355209 0.3986252 0.1643657 0.3983352 0.1357043 0.5960542 0.1355209 0.3979585 0.1068917 0.5963293 0.1068532 0.2534548 0.4214412 0.05673664 0.45001 0.05674386 0.4214221 0.0559287 0.07798773 0.2559024 0.04971212 0.2552698 0.07792204 0.3370528 0.2787935 0.3991634 0.3072272 0.337077 0.3072893 0.2744153 0.03326463 0.2825629 0.01951044 0.2795421 0.03433352 0.2794963 0.01822447 0.2857317 0.005560338 0.2825629 0.01951044 0.3669942 0.005502164 0.373227 0.01817715 0.370158 0.01946222 0.370158 0.01946222 0.378303 0.03322833 0.3731732 0.03429496 0.9006623 0.3064792 0.9120445 0.2887975 0.9120445 0.3064792 0.9201434 0.4955226 0.9312262 0.512739 0.9201434 0.512739 0.9006623 0.2887975 0.9120445 0.2698882 0.9120445 0.2887975 0.9201434 0.512739 0.9312262 0.531151 0.9201434 0.531151 0.9120445 0.3218852 0.921991 0.3064792 0.921991 0.3218852 0.9006623 0.3218853 0.9120445 0.3064792 0.9120445 0.3218852 0.9201434 0.4805219 0.9312262 0.4955226 0.9201434 0.4955226 0.9312262 0.4805219 0.940911 0.4955226 0.9312262 0.4955226 0.9312262 0.4955226 0.940911 0.512739 0.9312262 0.512739 0.9312262 0.512739 0.940911 0.531151 0.9312262 0.531151 0.940911 0.5420265 0.9312262 0.5534836 0.9312262 0.5420265 0.9312262 0.5420265 0.9201434 0.5534836 0.9201434 0.5420265 0.9120445 0.2587188 0.9006623 0.2469521 0.9120445 0.2469521 0.921991 0.2587188 0.9120445 0.2469521 0.921991 0.2469521 0.9120445 0.2887975 0.921991 0.2698882 0.921991 0.2887975 0.9120445 0.3064792 0.921991 0.2887975 0.921991 0.3064792 0.2795421 0.03433352 0.2559024 0.04971212 0.2744153 0.03326463 0.9696597 0.3064792 0.9625102 0.2887975 0.9696597 0.2887975 0.955996 0.3064792 0.9625102 0.2887975 0.9625102 0.3064792 0.9696597 0.2887975 0.9625102 0.2698882 0.9696597 0.2698882 0.955996 0.2887975 0.9625102 0.2698882 0.9625102 0.2887975 0.9772043 0.3218852 0.9696597 0.3064792 0.9772043 0.3064792 0.9696597 0.3218852 0.9625102 0.3064792 0.9696597 0.3064792 0.955996 0.3218852 0.9625102 0.3064792 0.9625102 0.3218852 0.949943 0.3218852 0.955996 0.3064792 0.955996 0.3218852 0.949943 0.3064792 0.955996 0.2887975 0.955996 0.3064792 0.949943 0.2887975 0.955996 0.2698882 0.955996 0.2887975 0.955996 0.2587188 0.949943 0.2469521 0.955996 0.2469521 0.9625102 0.2587188 0.955996 0.2469521 0.9625102 0.2469521 0.9696597 0.2587188 0.9625102 0.2469521 0.9696597 0.2469521 0.9772043 0.2587188 0.9696597 0.2469521 0.9772043 0.2469521 0.9772043 0.2887975 0.9696597 0.2698882 0.9772043 0.2698882 0.9772043 0.3064792 0.9696597 0.2887975 0.9772043 0.2887975 0.9553964 0.7496811 0.9619265 0.7323698 0.9619265 0.7496811 0.9486128 0.7496811 0.9553964 0.7323698 0.9553964 0.7496811 0.9619265 0.7323698 0.9553964 0.7126296 0.9619265 0.7126296 0.9553964 0.7323698 0.9486128 0.7126296 0.9553964 0.7126296 0.9619265 0.764468 0.9681277 0.7496811 0.9681277 0.764468 0.9553964 0.764468 0.9619265 0.7496811 0.9619265 0.764468 0.9486128 0.764468 0.9553964 0.7496811 0.9553964 0.764468 0.940911 0.764468 0.9486128 0.7496811 0.9486128 0.764468 0.940911 0.7496811 0.9486128 0.7323698 0.9486128 0.7496811 0.9486128 0.7323698 0.940911 0.7126296 0.9486128 0.7126296 0.9486128 0.700103 0.940911 0.688041 0.9486128 0.688041 0.9553964 0.700103 0.9486128 0.688041 0.9553964 0.688041 0.9619265 0.700103 0.9553964 0.688041 0.9619265 0.688041 0.9681277 0.700103 0.9619265 0.688041 0.9681277 0.688041 0.9681277 0.7323698 0.9619265 0.7126296 0.9681277 0.7126296 0.9619265 0.7496811 0.9681277 0.7323698 0.9681277 0.7496811 0.05544108 0.05023545 0.04110455 0.03406643 0.04880446 0.0393604 0.05544108 0.05023545 0.04880446 0.0393604 0.05729866 0.04117512 0.05544108 0.05023545 0.05729866 0.04117512 0.06900578 0.04056262 0.05544108 0.05023545 0.06900578 0.04056262 0.08803588 0.03716349 0.4262827 0.03631645 0.3968134 0.04968953 0.4070441 0.03947705 0.3866792 0.03793913 0.3968134 0.04968953 0.378303 0.03322833 0.3951869 0.03984194 0.3968134 0.04968953 0.3866792 0.03793913 0.4070441 0.03947705 0.3968134 0.04968953 0.3951869 0.03984194 0.2559024 0.04971212 0.2264435 0.03631687 0.2456794 0.03949242 0.2559024 0.04971212 0.2456794 0.03949242 0.2575345 0.0398662 0.2559024 0.04971212 0.2575345 0.0398662 0.2660405 0.03796911 0.2559024 0.04971212 0.2660405 0.03796911 0.2744153 0.03326463 0.9120444 0.1604816 0.9006623 0.1974022 0.9006622 0.1604816 0.9219909 0.1604816 0.9120445 0.1974022 0.9120444 0.1604816 0.9201434 0.60173 0.9312262 0.5835461 0.9312262 0.60173 0.9006623 0.1974022 0.9120445 0.2160774 0.9006623 0.2160774 0.940911 0.688041 0.9312262 0.6560284 0.940911 0.6560284 0.9312262 0.688041 0.9201434 0.6560284 0.9312262 0.6560284 0.9120444 0.1087593 0.9006622 0.1416369 0.9006622 0.1087593 0.9219909 0.1087593 0.9120444 0.1416369 0.9120444 0.1087593 0.9312262 0.60173 0.940911 0.6376793 0.9312262 0.6376793 0.9120445 0.1974022 0.921991 0.2160774 0.9120445 0.2160774 0.9120445 0.2160774 0.921991 0.2469521 0.9120445 0.2469521 0.9006623 0.2160774 0.9120445 0.2469521 0.9006623 0.2469521 0.9201434 0.5835461 0.9312262 0.5534836 0.9312262 0.5835461 0.9312262 0.5835461 0.940911 0.5534836 0.940911 0.5835461 0.9312262 0.60173 0.940911 0.5835461 0.940911 0.60173 0.9368676 0.1604816 0.9299009 0.1974022 0.9299008 0.1604816 0.9201434 0.791531 0.9312262 0.783753 0.9312262 0.791531 0.9006623 0.002473056 0.9120445 0.01046115 0.9006623 0.01046115 0.9201434 0.783753 0.9312262 0.7756071 0.9312262 0.783753 0.9006623 0.01046115 0.9120444 0.01882719 0.9006622 0.01882719 0.373227 0.01817715 0.3811718 0.025128 0.378303 0.03322833 0.3697342 0.004819214 0.3766283 0.01550036 0.373227 0.01817715 0.2829937 0.004876255 0.2760984 0.01554763 0.2795045 0.003876984 0.2794963 0.01822447 0.2715524 0.0251671 0.2760984 0.01554763 0.9120445 0.002473056 0.921991 0.01046115 0.9120445 0.01046115 0.9120445 0.01046115 0.9219909 0.01882719 0.9120444 0.01882719 0.9120444 0.01882719 0.9219909 0.03026717 0.9120444 0.03026717 0.9006622 0.01882719 0.9120444 0.03026717 0.9006622 0.03026717 0.9201434 0.7756071 0.9312262 0.764468 0.9312262 0.7756071 0.9312262 0.7756071 0.940911 0.764468 0.940911 0.7756071 0.9312262 0.783753 0.940911 0.7756071 0.940911 0.783753 0.9312262 0.791531 0.940911 0.783753 0.940911 0.791531 0.6220238 0.03546828 0.6461052 0.05140763 0.597235 0.05036014 0.9625101 0.04545366 0.9559959 0.06323277 0.9559959 0.04545366 0.9696596 0.04545366 0.9625101 0.06323277 0.9625101 0.04545366 0.9625101 0.06323277 0.9559959 0.08350628 0.9559959 0.06323277 0.9696596 0.06323277 0.9625101 0.08350628 0.9625101 0.06323277 0.9559959 0.03026717 0.9499429 0.04545366 0.9499429 0.03026717 0.9625101 0.03026717 0.9559959 0.04545366 0.9559959 0.03026717 0.9696596 0.03026717 0.9625101 0.04545366 0.9625101 0.03026717 0.9772042 0.03026717 0.9696596 0.04545366 0.9696596 0.03026717 0.9772042 0.04545366 0.9696596 0.06323277 0.9696596 0.04545366 0.9772042 0.06323277 0.9696596 0.08350628 0.9696596 0.06323277 0.9772042 0.09637141 0.9696596 0.1087593 0.9696596 0.09637141 0.9696596 0.09637141 0.9625101 0.1087593 0.9625101 0.09637141 0.9625101 0.09637141 0.9559959 0.1087593 0.9559959 0.09637141 0.9559959 0.09637141 0.9499429 0.1087593 0.9499429 0.09637141 0.9559959 0.06323277 0.9499429 0.08350628 0.9499429 0.06323277 0.9559959 0.04545366 0.9499429 0.06323277 0.9499429 0.04545366 0.9740213 0.4955226 0.9803643 0.512739 0.9740213 0.512739 0.9873257 0.4955226 0.9803643 0.512739 0.9803643 0.4955226 0.9740213 0.512739 0.9803643 0.531151 0.9740213 0.531151 0.9873257 0.512739 0.9803643 0.531151 0.9803643 0.512739 0.9681277 0.4805219 0.9740213 0.4955226 0.9681277 0.4955226 0.9740213 0.4805219 0.9803643 0.4955226 0.9740213 0.4955226 0.9873257 0.4805219 0.9803643 0.4955226 0.9803643 0.4805219 0.9946718 0.4805219 0.9873257 0.4955226 0.9873257 0.4805219 0.9946718 0.4955226 0.9873257 0.512739 0.9873257 0.4955226 0.9946718 0.512739 0.9873257 0.531151 0.9873257 0.512739 0.9946718 0.5420265 0.9873257 0.5534836 0.9873257 0.5420265 0.9873257 0.5420265 0.9803643 0.5534836 0.9803643 0.5420265 0.9803643 0.5420265 0.9740213 0.5534836 0.9740213 0.5420265 0.9740213 0.5420265 0.9681277 0.5534836 0.9681277 0.5420265 0.9681277 0.512739 0.9740213 0.531151 0.9681277 0.531151 0.9681277 0.4955226 0.9740213 0.512739 0.9681277 0.512739 0.6115722 0.03421682 0.597235 0.05036014 0.6038753 0.03949934 0.5836872 0.04068249 0.597235 0.05036014 0.5646675 0.03726905 0.5953862 0.04130494 0.597235 0.05036014 0.5836872 0.04068249 0.6038753 0.03949934 0.597235 0.05036014 0.5953862 0.04130494 0.9486128 0.4955226 0.9553964 0.512739 0.9486128 0.512739 0.9553964 0.4955226 0.9619265 0.512739 0.9553964 0.512739 0.9486128 0.512739 0.9553964 0.531151 0.9486128 0.531151 0.9553964 0.512739 0.9619265 0.531151 0.9553964 0.531151 0.940911 0.4805219 0.9486128 0.4955226 0.940911 0.4955226 0.9486128 0.4805219 0.9553964 0.4955226 0.9486128 0.4955226 0.9553964 0.4805219 0.9619265 0.4955226 0.9553964 0.4955226 0.9619265 0.4805219 0.9681277 0.4955226 0.9619265 0.4955226 0.9619265 0.4955226 0.9681277 0.512739 0.9619265 0.512739 0.9619265 0.512739 0.9681277 0.531151 0.9619265 0.531151 0.9681277 0.5420265 0.9619265 0.5534836 0.9619265 0.5420265 0.9619265 0.5420265 0.9553964 0.5534836 0.9553964 0.5420265 0.9553964 0.5420265 0.9486128 0.5534836 0.9486128 0.5420265 0.9486128 0.5420265 0.940911 0.5534836 0.940911 0.5420265 0.940911 0.512739 0.9486128 0.531151 0.940911 0.531151 0.940911 0.4955226 0.9486128 0.512739 0.940911 0.512739 0.9368677 0.3064792 0.9435742 0.2887975 0.9435742 0.3064792 0.9299009 0.3064792 0.9368677 0.2887975 0.9368677 0.3064792 0.9368677 0.2887975 0.9435742 0.2698882 0.9435742 0.2887975 0.9299009 0.2887975 0.9368677 0.2698882 0.9368677 0.2887975 0.9435742 0.3218852 0.949943 0.3064792 0.949943 0.3218852 0.9368677 0.3218852 0.9435742 0.3064792 0.9435742 0.3218852 0.9299009 0.3218852 0.9368677 0.3064792 0.9368677 0.3218852 0.921991 0.3218852 0.9299009 0.3064792 0.9299009 0.3218852 0.921991 0.3064792 0.9299009 0.2887975 0.9299009 0.3064792 0.921991 0.2887975 0.9299009 0.2698882 0.9299009 0.2887975 0.9299009 0.2587188 0.921991 0.2469521 0.9299009 0.2469521 0.9368677 0.2587188 0.9299009 0.2469521 0.9368677 0.2469521 0.9435742 0.2587188 0.9368677 0.2469521 0.9435742 0.2469521 0.949943 0.2587188 0.9435742 0.2469521 0.949943 0.2469521 0.9435742 0.2887975 0.949943 0.2698882 0.949943 0.2887975 0.9435742 0.3064792 0.949943 0.2887975 0.949943 0.3064792 0.9299008 0.04545366 0.9368676 0.06323277 0.9299008 0.06323277 0.9368676 0.04545366 0.9435741 0.06323277 0.9368676 0.06323277 0.9368676 0.06323277 0.9299008 0.08350628 0.9299008 0.06323277 0.9435741 0.06323277 0.9368676 0.08350628 0.9368676 0.06323277 0.9219909 0.03026717 0.9299008 0.04545366 0.9219909 0.04545366 0.9299008 0.03026717 0.9368676 0.04545366 0.9299008 0.04545366 0.9368676 0.03026717 0.9435741 0.04545366 0.9368676 0.04545366 0.9435741 0.03026717 0.9499429 0.04545366 0.9435741 0.04545366 0.9435741 0.04545366 0.9499429 0.06323277 0.9435741 0.06323277 0.9499429 0.06323277 0.9435741 0.08350628 0.9435741 0.06323277 0.9499429 0.09637141 0.9435741 0.1087593 0.9435741 0.09637141 0.9435741 0.09637141 0.9368676 0.1087593 0.9368676 0.09637141 0.9368676 0.09637141 0.9299008 0.1087593 0.9299008 0.09637141 0.9299008 0.09637141 0.9219909 0.1087593 0.9219909 0.09637147 0.9299008 0.06323277 0.9219909 0.08350628 0.9219909 0.06323277 0.9219909 0.04545366 0.9299008 0.06323277 0.9219909 0.06323277 0.9873257 0.7496811 0.9803643 0.7323698 0.9873257 0.7323698 0.9803643 0.7496811 0.9740213 0.7323698 0.9803643 0.7323698 0.9873257 0.7323698 0.9803643 0.7126296 0.9873257 0.7126296 0.9803643 0.7323698 0.9740213 0.7126296 0.9803643 0.7126296 0.9946718 0.764468 0.9873257 0.7496811 0.9946718 0.7496811 0.9873257 0.764468 0.9803643 0.7496811 0.9873257 0.7496811 0.9803643 0.764468 0.9740213 0.7496811 0.9803643 0.7496811 0.9740213 0.764468 0.9681277 0.7496811 0.9740213 0.7496811 0.9740213 0.7496811 0.9681277 0.7323698 0.9740213 0.7323698 0.9740213 0.7323698 0.9681277 0.7126296 0.9740213 0.7126296 0.9740213 0.700103 0.9681277 0.688041 0.9740213 0.688041 0.9803643 0.700103 0.9740213 0.688041 0.9803643 0.688041 0.9873257 0.700103 0.9803643 0.688041 0.9873257 0.688041 0.9946718 0.700103 0.9873257 0.688041 0.9946718 0.688041 0.9946718 0.7323698 0.9873257 0.7126296 0.9946718 0.7126296 0.9946718 0.7496811 0.9873257 0.7323698 0.9946718 0.7323698 0.9435741 0.1604816 0.9368677 0.1974022 0.9368676 0.1604816 0.9435742 0.1974022 0.9499429 0.1604816 0.949943 0.1974022 0.9299009 0.1974022 0.9368677 0.2160775 0.9299009 0.2160774 0.9368677 0.1974022 0.9435742 0.2160775 0.9368677 0.2160775 0.9299008 0.1087593 0.9219909 0.1416369 0.9219909 0.1087593 0.9368676 0.1087593 0.9299008 0.1416369 0.9299008 0.1087593 0.9435741 0.1087593 0.9368676 0.1416369 0.9368676 0.1087593 0.9499429 0.1087593 0.9435741 0.1416369 0.9435741 0.1087593 0.9299008 0.1604816 0.921991 0.1974022 0.9219909 0.1604816 0.9435742 0.1974022 0.949943 0.2160775 0.9435742 0.2160775 0.9435742 0.2160775 0.949943 0.2469521 0.9435742 0.2469521 0.9368677 0.2160775 0.9435742 0.2469521 0.9368677 0.2469521 0.9299009 0.2160774 0.9368677 0.2469521 0.9299009 0.2469521 0.921991 0.2160774 0.9299009 0.2469521 0.921991 0.2469521 0.921991 0.1974022 0.9299009 0.2160774 0.921991 0.2160774 0.9553964 0.60173 0.9619265 0.6376793 0.9553964 0.6376793 0.9486128 0.60173 0.9553964 0.6376793 0.9486128 0.6376793 0.940911 0.60173 0.9486128 0.6376793 0.940911 0.6376793 0.9553964 0.60173 0.9619265 0.5835461 0.9619265 0.60173 0.9486128 0.60173 0.9553964 0.5835461 0.9553964 0.60173 0.9681277 0.688041 0.9619265 0.6560284 0.9681277 0.6560284 0.9619265 0.688041 0.9553964 0.6560284 0.9619265 0.6560284 0.9553964 0.688041 0.9486128 0.6560284 0.9553964 0.6560284 0.9486128 0.688041 0.940911 0.6560284 0.9486128 0.6560284 0.9619265 0.60173 0.9681277 0.6376793 0.9619265 0.6376793 0.940911 0.60173 0.9486128 0.5835461 0.9486128 0.60173 0.940911 0.5835461 0.9486128 0.5534836 0.9486128 0.5835461 0.9486128 0.5835461 0.9553964 0.5534836 0.9553964 0.5835461 0.9553964 0.5835461 0.9619265 0.5534836 0.9619265 0.5835461 0.9619265 0.5835461 0.9681277 0.5534836 0.9681277 0.5835461 0.9619265 0.60173 0.9681277 0.5835461 0.9681277 0.60173 0.9803643 0.60173 0.9873257 0.6376793 0.9803643 0.6376793 0.9740213 0.60173 0.9803643 0.6376793 0.9740213 0.6376793 0.9681277 0.60173 0.9740213 0.6376793 0.9681277 0.6376793 0.9803643 0.60173 0.9873257 0.5835461 0.9873257 0.60173 0.9740213 0.60173 0.9803643 0.5835461 0.9803643 0.60173 0.9946718 0.688041 0.9873257 0.6560284 0.9946718 0.6560284 0.9873257 0.688041 0.9803643 0.6560284 0.9873257 0.6560284 0.9803643 0.688041 0.9740213 0.6560284 0.9803643 0.6560284 0.9740213 0.688041 0.9681277 0.6560284 0.9740213 0.6560284 0.9873257 0.60173 0.9946718 0.6376793 0.9873257 0.6376793 0.9681277 0.60173 0.9740213 0.5835461 0.9740213 0.60173 0.9681277 0.5835461 0.9740213 0.5534836 0.9740213 0.5835461 0.9740213 0.5835461 0.9803643 0.5534836 0.9803643 0.5835461 0.9803643 0.5835461 0.9873257 0.5534836 0.9873257 0.5835461 0.9873257 0.5835461 0.9946718 0.5534836 0.9946718 0.5835461 0.9873257 0.60173 0.9946718 0.5835461 0.9946718 0.60173 0.9625101 0.1604816 0.955996 0.1974022 0.9559959 0.1604816 0.9696596 0.1604816 0.9625102 0.1974022 0.9625101 0.1604816 0.9772042 0.1604816 0.9696597 0.1974022 0.9696596 0.1604816 0.955996 0.1974022 0.9625102 0.2160775 0.955996 0.2160775 0.9625102 0.1974022 0.9696597 0.2160775 0.9625102 0.2160775 0.9559959 0.1087593 0.9499429 0.1416369 0.9499429 0.1087593 0.9625101 0.1087593 0.9559959 0.1416369 0.9559959 0.1087593 0.9696596 0.1087593 0.9625101 0.1416369 0.9625101 0.1087593 0.9772042 0.1087593 0.9696596 0.1416369 0.9696596 0.1087593 0.9559959 0.1604816 0.949943 0.1974022 0.9499429 0.1604816 0.9696597 0.1974022 0.9772043 0.2160775 0.9696597 0.2160775 0.9696597 0.2160775 0.9772043 0.2469521 0.9696597 0.2469521 0.9625102 0.2160775 0.9696597 0.2469521 0.9625102 0.2469521 0.955996 0.2160775 0.9625102 0.2469521 0.955996 0.2469521 0.949943 0.2160775 0.955996 0.2469521 0.949943 0.2469521 0.949943 0.1974022 0.955996 0.2160775 0.949943 0.2160775 0.9120444 0.06323277 0.9006622 0.04545366 0.9120444 0.04545366 0.9120444 0.06323277 0.9006622 0.08350628 0.9006622 0.06323277 0.9201434 0.7496811 0.9312262 0.7323698 0.9312262 0.7496811 0.9201434 0.7126296 0.9312262 0.7323698 0.9201434 0.7323698 0.9219909 0.04545366 0.9120444 0.03026717 0.9219909 0.03026717 0.9219909 0.06323277 0.9120444 0.04545366 0.9219909 0.04545366 0.9219909 0.06323277 0.9120444 0.08350628 0.9120444 0.06323277 0.9219909 0.09637147 0.9120444 0.1087593 0.9120444 0.09637147 0.9120444 0.09637147 0.9006622 0.1087593 0.9006622 0.09637147 0.9201434 0.688041 0.9312262 0.700103 0.9201434 0.700103 0.9312262 0.688041 0.940911 0.700103 0.9312262 0.700103 0.9312262 0.7126296 0.940911 0.7323698 0.9312262 0.7323698 0.9312262 0.7496811 0.940911 0.7323698 0.940911 0.7496811 0.9312262 0.764468 0.940911 0.7496811 0.940911 0.764468 0.9201434 0.764468 0.9312262 0.7496811 0.9312262 0.764468 0.9120444 0.04545366 0.9006622 0.03026717 0.9120444 0.03026717 0.9368676 0.3481291 0.9435741 0.3407729 0.9435741 0.3481291 0.9299008 0.3481291 0.9368676 0.3407729 0.9368676 0.3481291 0.9368676 0.3407729 0.9435742 0.3330216 0.9435741 0.3407729 0.9299008 0.3407729 0.9368677 0.3330216 0.9368676 0.3407729 0.06900578 0.04056262 0.07391035 0.03070414 0.08803588 0.03716349 0.05729866 0.04117512 0.06524401 0.03370749 0.06900578 0.04056262 0.04880446 0.0393604 0.05652481 0.03421193 0.05729866 0.04117512 0.04110455 0.03406643 0.04921638 0.03221738 0.04880446 0.0393604 0.9219909 0.3481291 0.9299008 0.3407729 0.9299008 0.3481291 0.9219909 0.3407729 0.9299009 0.3330216 0.9299008 0.3407729 0.921991 0.3330216 0.9299009 0.3218852 0.9299009 0.3330216 0.9299009 0.3330216 0.9368677 0.3218852 0.9368677 0.3330216 0.9368677 0.3330216 0.9435742 0.3218852 0.9435742 0.3330216 0.9435742 0.3330216 0.949943 0.3218852 0.949943 0.3330216 0.9435741 0.3407729 0.949943 0.3330216 0.9499429 0.3407729 0.9435741 0.3481291 0.9499429 0.3407729 0.9499429 0.3481291 0.9486128 0.4549684 0.9553964 0.462131 0.9486128 0.462131 0.9553964 0.4549684 0.9619265 0.462131 0.9553964 0.462131 0.9486128 0.462131 0.9553964 0.4696785 0.9486128 0.4696785 0.9553964 0.462131 0.9619265 0.4696785 0.9553964 0.4696785 0.6115722 0.03421682 0.6034701 0.03236222 0.6092304 0.02687937 0.6038753 0.03949934 0.5961661 0.03434771 0.6034701 0.03236222 0.5953862 0.04130494 0.5874533 0.03383469 0.5961661 0.03434771 0.5836872 0.04068249 0.5787939 0.03082406 0.5874533 0.03383469 0.9619265 0.4549684 0.9681277 0.462131 0.9619265 0.462131 0.9619265 0.462131 0.9681277 0.4696785 0.9619265 0.4696785 0.9619265 0.4696785 0.9681277 0.4805219 0.9619265 0.4805219 0.9553964 0.4696785 0.9619265 0.4805219 0.9553964 0.4805219 0.9486128 0.4696785 0.9553964 0.4805219 0.9486128 0.4805219 0.940911 0.4696785 0.9486128 0.4805219 0.940911 0.4805219 0.940911 0.462131 0.9486128 0.4696785 0.940911 0.4696785 0.940911 0.4549684 0.9486128 0.462131 0.940911 0.462131 0.9740213 0.4549684 0.9803643 0.462131 0.9740213 0.462131 0.9803643 0.4549684 0.9873257 0.462131 0.9803643 0.462131 0.9740213 0.462131 0.9803643 0.4696785 0.9740213 0.4696785 0.9873257 0.462131 0.9803643 0.4696785 0.9803643 0.462131 0.5646675 0.03726905 0.5731781 0.02516382 0.5787939 0.03082406 0.5570698 0.02723354 0.5703524 0.01831877 0.5731781 0.02516382 0.5539525 0.01914358 0.5692612 0.0111683 0.5703524 0.01831877 0.5528287 0.01156014 0.56901 0.003916025 0.5692612 0.0111683 0.9873257 0.4549684 0.9946718 0.462131 0.9873257 0.462131 0.9946718 0.462131 0.9873257 0.4696785 0.9873257 0.462131 0.9946718 0.4696785 0.9873257 0.4805219 0.9873257 0.4696785 0.9873257 0.4696785 0.9803643 0.4805219 0.9803643 0.4696785 0.9803643 0.4696785 0.9740213 0.4805219 0.9740213 0.4696785 0.9681277 0.4696785 0.9740213 0.4805219 0.9681277 0.4805219 0.9681277 0.462131 0.9740213 0.4696785 0.9681277 0.4696785 0.9681277 0.4549684 0.9740213 0.462131 0.9681277 0.462131 0.9625101 0.3481291 0.9696596 0.3407729 0.9696596 0.3481291 0.9559959 0.3481291 0.9625101 0.3407729 0.9625101 0.3481291 0.9696596 0.3407729 0.9625102 0.3330216 0.9696597 0.3330216 0.9559959 0.3407729 0.9625102 0.3330216 0.9625101 0.3407729 0.09989833 0.01145815 0.08372002 0.003799021 0.1000958 0.004089534 0.09876811 0.01904231 0.08346283 0.01105242 0.09989833 0.01145815 0.09564357 0.02713155 0.08236521 0.01820331 0.09876811 0.01904231 0.08803588 0.03716349 0.07953304 0.02504748 0.09564357 0.02713155 0.9499429 0.3481291 0.9559959 0.3407729 0.9559959 0.3481291 0.9499429 0.3407729 0.955996 0.3330216 0.9559959 0.3407729 0.949943 0.3330216 0.955996 0.3218852 0.955996 0.3330216 0.9625102 0.3330216 0.955996 0.3218852 0.9625102 0.3218852 0.9696597 0.3330216 0.9625102 0.3218852 0.9696597 0.3218852 0.9772043 0.3330216 0.9696597 0.3218852 0.9772043 0.3218852 0.9772042 0.3407729 0.9696597 0.3330216 0.9772043 0.3330216 0.9696596 0.3481291 0.9772042 0.3407729 0.9772042 0.3481291 0.9803643 0.791531 0.9873257 0.783753 0.9873257 0.791531 0.9740213 0.791531 0.9803643 0.783753 0.9803643 0.791531 0.9873257 0.783753 0.9803643 0.7756071 0.9873257 0.7756071 0.9803643 0.783753 0.9740213 0.7756071 0.9803643 0.7756071 0.4385888 0.01056861 0.4225092 0.002472937 0.4389401 0.003189504 0.4373148 0.01815998 0.422073 0.009709358 0.4385888 0.01056861 0.4340525 0.0262559 0.4208164 0.01682418 0.4373148 0.01815998 0.4262827 0.03631645 0.4178496 0.02360194 0.4340525 0.0262559 0.9681277 0.791531 0.9740213 0.783753 0.9740213 0.791531 0.9681277 0.783753 0.9740213 0.7756071 0.9740213 0.783753 0.9740213 0.7756071 0.9681277 0.764468 0.9740213 0.764468 0.9803643 0.7756071 0.9740213 0.764468 0.9803643 0.764468 0.9873257 0.7756071 0.9803643 0.764468 0.9873257 0.764468 0.9946718 0.7756071 0.9873257 0.764468 0.9946718 0.764468 0.9946718 0.783753 0.9873257 0.7756071 0.9946718 0.7756071 0.9873257 0.791531 0.9946718 0.783753 0.9946718 0.791531 0.9299009 0.002473056 0.9368677 0.01046115 0.9299009 0.01046115 0.9368677 0.002473056 0.9435742 0.01046115 0.9368677 0.01046115 0.9299009 0.01046115 0.9368676 0.01882719 0.9299008 0.01882719 0.9368677 0.01046115 0.9435741 0.01882719 0.9368676 0.01882719 0.2744153 0.03326463 0.2654803 0.03032457 0.2715524 0.0251671 0.2660405 0.03796911 0.258089 0.03225392 0.2654803 0.03032457 0.2575345 0.0398662 0.2493378 0.03193986 0.258089 0.03225392 0.2456794 0.03949242 0.2406099 0.02915608 0.2493378 0.03193986 0.9435742 0.002472937 0.949943 0.01046115 0.9435742 0.01046115 0.9435742 0.01046115 0.9499429 0.01882719 0.9435741 0.01882719 0.9499429 0.01882719 0.9435741 0.03026717 0.9435741 0.01882719 0.9368676 0.01882719 0.9435741 0.03026717 0.9368676 0.03026717 0.9299008 0.01882719 0.9368676 0.03026717 0.9299008 0.03026717 0.9219909 0.01882719 0.9299008 0.03026717 0.9219909 0.03026717 0.921991 0.01046115 0.9299008 0.01882719 0.9219909 0.01882719 0.921991 0.002473056 0.9299009 0.01046115 0.921991 0.01046115 0.955996 0.002472937 0.9625102 0.01046115 0.955996 0.01046115 0.9625102 0.002472937 0.9696597 0.01046115 0.9625102 0.01046115 0.9625102 0.01046115 0.9559959 0.01882719 0.955996 0.01046115 0.9696597 0.01046115 0.9625101 0.01882719 0.9625102 0.01046115 0.2264435 0.03631687 0.2348875 0.02360868 0.2406099 0.02915608 0.2186809 0.02624928 0.2319262 0.01682752 0.2348875 0.02360868 0.2154247 0.01814973 0.2306753 0.009710729 0.2319262 0.01682752 0.2141567 0.01055645 0.2302451 0.002472937 0.2306753 0.009710729 0.9696597 0.002472937 0.9772043 0.01046115 0.9696597 0.01046115 0.9772043 0.01046115 0.9696596 0.01882719 0.9696597 0.01046115 0.9772042 0.01882719 0.9696596 0.03026717 0.9696596 0.01882719 0.9696596 0.01882719 0.9625101 0.03026717 0.9625101 0.01882719 0.9625101 0.01882719 0.9559959 0.03026717 0.9559959 0.01882719 0.9559959 0.01882719 0.9499429 0.03026717 0.9499429 0.01882719 0.949943 0.01046115 0.9559959 0.01882719 0.9499429 0.01882719 0.949943 0.002472937 0.955996 0.01046115 0.949943 0.01046115 0.9553964 0.791531 0.9619265 0.783753 0.9619265 0.791531 0.9486128 0.791531 0.9553964 0.783753 0.9553964 0.791531 0.9553964 0.783753 0.9619265 0.7756071 0.9619265 0.783753 0.9486128 0.783753 0.9553964 0.7756071 0.9553964 0.783753 0.4070441 0.03947705 0.4121227 0.02914404 0.4262827 0.03631645 0.3951869 0.03984194 0.4033915 0.03192025 0.4070441 0.03947705 0.3866792 0.03793913 0.3946375 0.03222697 0.3951869 0.03984194 0.378303 0.03322833 0.3872442 0.03029179 0.3866792 0.03793913 0.940911 0.791531 0.9486128 0.783753 0.9486128 0.791531 0.940911 0.783753 0.9486128 0.7756071 0.9486128 0.783753 0.940911 0.7756071 0.9486128 0.764468 0.9486128 0.7756071 0.9486128 0.7756071 0.9553964 0.764468 0.9553964 0.7756071 0.9553964 0.7756071 0.9619265 0.764468 0.9619265 0.7756071 0.9681277 0.7756071 0.9619265 0.764468 0.9681277 0.764468 0.9619265 0.783753 0.9681277 0.7756071 0.9681277 0.783753 0.9619265 0.791531 0.9681277 0.783753 0.9681277 0.791531 0.3968134 0.04968953 0.3349207 0.08014887 0.3335303 0.05222755 0.3731732 0.03429496 0.3335303 0.05222755 0.3323433 0.03850364 0.2536047 0.2501239 0.3157625 0.2218577 0.3156741 0.2503225 0.6512584 0.6793723 0.6419138 0.6685678 0.6441733 0.667378 0.6491144 0.6807889 0.6402714 0.6694194 0.6419138 0.6685678 0.6159484 0.03492933 0.6220238 0.03546828 0.597235 0.05036014 0.6115722 0.03421682 0.6159484 0.03492933 0.597235 0.05036014 0.04110455 0.03406643 0.05544108 0.05023545 0.03672343 0.03477573 0.03672343 0.03477573 0.05544108 0.05023545 0.03064125 0.03531002 0.6209588 0.006183505 0.6236431 0.02101534 0.618326 0.02018439 0.02903306 0.02084064 0.03173321 0.005995512 0.03435641 0.02001357 0.03064125 0.03531002 0.03435641 0.02001357 0.03672343 0.03477573 0.6115722 0.03421682 0.618326 0.02018439 0.6159484 0.03492933 0.61595 0.01920533 0.6209588 0.006183505 0.618326 0.02018439 0.03673577 0.01903551 0.03173321 0.005995512 0.03378391 0.005575299 0.04110455 0.03406643 0.03435641 0.02001357 0.03673577 0.01903551 0.618326 0.02018439 0.6220238 0.03546828 0.6159484 0.03492933 0.949943 0.2698882 0.9435742 0.2587188 0.949943 0.2587188 0.9435742 0.2698882 0.9368677 0.2587188 0.9435742 0.2587188 0.9368677 0.2698882 0.9299009 0.2587188 0.9368677 0.2587188 0.9299009 0.2698882 0.921991 0.2587188 0.9299009 0.2587188 0.9486128 0.531151 0.940911 0.5420265 0.940911 0.531151 0.9553964 0.531151 0.9486128 0.5420265 0.9486128 0.531151 0.9619265 0.531151 0.9553964 0.5420265 0.9553964 0.531151 0.9681277 0.531151 0.9619265 0.5420265 0.9619265 0.531151 0.9740213 0.531151 0.9681277 0.5420265 0.9681277 0.531151 0.9803643 0.531151 0.9740213 0.5420265 0.9740213 0.531151 0.9873257 0.531151 0.9803643 0.5420265 0.9803643 0.531151 0.9946718 0.531151 0.9873257 0.5420265 0.9873257 0.531151 0.9772043 0.2698882 0.9696597 0.2587188 0.9772043 0.2587188 0.9696597 0.2698882 0.9625102 0.2587188 0.9696597 0.2587188 0.9625102 0.2698882 0.955996 0.2587188 0.9625102 0.2587188 0.955996 0.2698882 0.949943 0.2587188 0.955996 0.2587188 0.921991 0.2698882 0.9120445 0.2587188 0.921991 0.2587188 0.9120445 0.2698882 0.9006623 0.2587189 0.9120445 0.2587188 0.9312262 0.531151 0.9201434 0.5420265 0.9201434 0.531151 0.940911 0.531151 0.9312262 0.5420265 0.9312262 0.531151 0.9559959 0.1416369 0.9499429 0.1604816 0.9499429 0.1416369 0.9772042 0.1416369 0.9696596 0.1604816 0.9696596 0.1416369 0.9696596 0.1416369 0.9625101 0.1604816 0.9625101 0.1416369 0.9625101 0.1416369 0.9559959 0.1604816 0.9559959 0.1416369 0.9946718 0.6560284 0.9873257 0.6376793 0.9946718 0.6376793 0.9740213 0.6560284 0.9681277 0.6376793 0.9740213 0.6376793 0.9803643 0.6560284 0.9740213 0.6376793 0.9803643 0.6376793 0.9873257 0.6560284 0.9803643 0.6376793 0.9873257 0.6376793 0.9681277 0.6560284 0.9619265 0.6376793 0.9681277 0.6376793 0.9486128 0.6560284 0.940911 0.6376793 0.9486128 0.6376793 0.9553964 0.6560284 0.9486128 0.6376793 0.9553964 0.6376793 0.9619265 0.6560284 0.9553964 0.6376793 0.9619265 0.6376793 0.9299008 0.1416369 0.9219909 0.1604816 0.9219909 0.1416369 0.9499429 0.1416369 0.9435741 0.1604816 0.9435741 0.1416369 0.9435741 0.1416369 0.9368676 0.1604816 0.9368676 0.1416369 0.9368676 0.1416369 0.9299008 0.1604816 0.9299008 0.1416369 0.940911 0.6560284 0.9312262 0.6376793 0.940911 0.6376793 0.9219909 0.1416369 0.9120444 0.1604816 0.9120444 0.1416369 0.9120444 0.1416369 0.9006622 0.1604816 0.9006622 0.1416369 0.9312262 0.6560284 0.9201434 0.6376793 0.9312262 0.6376793 0.9312262 0.700103 0.940911 0.7126296 0.9312262 0.7126296 0.9201434 0.700103 0.9312262 0.7126296 0.9201434 0.7126296 0.9120444 0.08350628 0.9006622 0.09637147 0.9006622 0.08350628 0.9219909 0.08350628 0.9120444 0.09637147 0.9120444 0.08350628 0.9946718 0.7126296 0.9873257 0.700103 0.9946718 0.700103 0.9873257 0.7126296 0.9803643 0.700103 0.9873257 0.700103 0.9803643 0.7126296 0.9740213 0.700103 0.9803643 0.700103 0.9740213 0.7126296 0.9681277 0.700103 0.9740213 0.700103 0.9299008 0.08350628 0.9219909 0.09637147 0.9219909 0.08350628 0.9368676 0.08350628 0.9299008 0.09637141 0.9299008 0.08350628 0.9435741 0.08350628 0.9368676 0.09637141 0.9368676 0.08350628 0.9499429 0.08350628 0.9435741 0.09637141 0.9435741 0.08350628 0.9559959 0.08350628 0.9499429 0.09637141 0.9499429 0.08350628 0.9625101 0.08350628 0.9559959 0.09637141 0.9559959 0.08350628 0.9696596 0.08350628 0.9625101 0.09637141 0.9625101 0.08350628 0.9772042 0.08350628 0.9696596 0.09637141 0.9696596 0.08350628 0.9681277 0.7126296 0.9619265 0.700103 0.9681277 0.700103 0.9619265 0.7126296 0.9553964 0.700103 0.9619265 0.700103 0.9553964 0.7126296 0.9486128 0.700103 0.9553964 0.700103 0.9486128 0.7126296 0.940911 0.700103 0.9486128 0.700103 0.9201434 0.60173 0.9312262 0.6376793 0.9201434 0.6376793 0.8613067 0.4889845 0.8386597 0.4715913 0.8624829 0.4875508 0.3434474 0.4674175 0.3434474 0.4549685 0.619005 0.4549685 0.2975485 0.8628645 0.01734441 0.8628646 0.01734447 0.8502071 0.3107968 0.7036861 0.312509 0.7036861 0.312509 0.7312055 0.312509 0.7036861 0.3140276 0.7036861 0.3140276 0.7312055 0.3107968 0.676171 0.312509 0.676171 0.312509 0.7036861 0.312509 0.676171 0.3140276 0.676171 0.3140276 0.7036861 0.997527 0.1941972 0.9951693 0.1941972 0.9951693 0.1668099 0.9951693 0.08463931 0.997527 0.08463931 0.9975269 0.1120309 0.3084282 0.5661018 0.3107968 0.5661018 0.3107968 0.5936171 0.312509 0.7587208 0.312509 0.7312055 0.3140276 0.7312055 0.312509 0.7312055 0.312509 0.7587208 0.3107968 0.7587208 0.3107967 0.9238583 0.3107968 0.9376344 0.3084282 0.9376344 0.312509 0.9238583 0.312509 0.9376344 0.3107968 0.9376344 0.997527 0.4270586 0.9951693 0.4270586 0.9951693 0.4133465 0.9951693 0.4270586 0.9934651 0.4270586 0.9934651 0.4133465 0.3107968 0.9100839 0.3107967 0.9238583 0.3084282 0.9238583 0.312509 0.9100839 0.312509 0.9238583 0.3107967 0.9238583 0.3140276 0.9100839 0.3140276 0.9238583 0.312509 0.9238583 0.3140276 0.9238583 0.3140276 0.9376344 0.312509 0.9376344 0.9934651 0.4270586 0.9919536 0.4270586 0.9919536 0.4133465 0.9934651 0.4133465 0.9919536 0.4133465 0.9919536 0.399636 0.9951693 0.4133465 0.9934651 0.4133465 0.9934651 0.399636 0.997527 0.4133465 0.9951693 0.4133465 0.9951693 0.399636 0.993465 0.1120309 0.9934651 0.08463931 0.9951693 0.08463931 0.9919536 0.1120309 0.9919536 0.08463931 0.9934651 0.08463931 0.9934651 0.1394183 0.993465 0.1120309 0.9951692 0.1120309 0.9934651 0.1394183 0.9919536 0.1394183 0.9919536 0.1120309 0.3084282 0.8412749 0.3107968 0.8412749 0.3107967 0.86879 0.3107968 0.8963094 0.3084282 0.8963094 0.3084282 0.86879 0.997527 0.1394183 0.9951693 0.1394183 0.9951692 0.1120309 0.9934651 0.05725193 0.9934651 0.08463931 0.9919536 0.08463931 0.9934651 0.05725193 0.9951693 0.05725193 0.9951693 0.08463931 0.312509 0.86879 0.312509 0.8963094 0.3107968 0.8963094 0.3140276 0.8963094 0.312509 0.8963094 0.312509 0.86879 0.3107968 0.8412749 0.312509 0.8412749 0.312509 0.86879 0.3140276 0.8412749 0.3140276 0.86879 0.312509 0.86879 0.3107968 0.676171 0.3107968 0.7036861 0.3084282 0.7036861 0.9951693 0.1394183 0.997527 0.1394183 0.997527 0.1668099 0.312509 0.8963094 0.3140276 0.8963094 0.3140276 0.9100839 0.3107968 0.8963094 0.312509 0.8963094 0.312509 0.9100839 0.3084282 0.8963094 0.3107968 0.8963094 0.3107968 0.9100839 0.9934651 0.1668099 0.9934651 0.1394183 0.9951693 0.1394183 0.9919536 0.1394183 0.9934651 0.1394183 0.9934651 0.1668099 0.9934651 0.1941972 0.9934651 0.1668099 0.9951693 0.1668099 0.9919536 0.1941972 0.9919536 0.1668099 0.9934651 0.1668099 0.3107968 0.8137555 0.3084282 0.8137555 0.3084282 0.7862402 0.8624055 0.7137463 0.861226 0.7123115 0.8812782 0.6922459 0.8792945 0.6906185 0.8812782 0.6922459 0.861226 0.7123115 0.3370571 0.3927915 0.3991804 0.3928726 0.399153 0.4214392 0.3158937 0.1934258 0.3157625 0.2218577 0.2537057 0.2215584 0.8812782 0.6922459 0.897001 0.6686946 0.8986366 0.6695662 0.7028161 0.4753766 0.6796841 0.4908107 0.6780534 0.4888197 0.3991804 0.3928726 0.3370571 0.3927915 0.3370845 0.3642888 0.9053947 0.5594778 0.907858 0.558732 0.9133521 0.5865045 0.861226 0.7123115 0.8624055 0.7137463 0.8385295 0.7296767 0.3107968 0.6486516 0.3107968 0.676171 0.3084282 0.676171 0.9842033 0.1120309 0.9821504 0.1120309 0.9821504 0.08463931 0.312509 0.676171 0.3107968 0.676171 0.3107968 0.6486516 0.3140276 0.676171 0.312509 0.676171 0.312509 0.6486516 0.3107968 0.6211365 0.312509 0.6211365 0.312509 0.6486516 0.3140276 0.6211365 0.3140276 0.6486516 0.312509 0.6486516 0.9951693 0.2489762 0.9951693 0.2215889 0.997527 0.2215889 0.9951693 0.1941972 0.997527 0.1941972 0.997527 0.2215889 0.9934651 0.1941972 0.9951693 0.1941972 0.9951693 0.2215889 0.9919536 0.1941972 0.9934651 0.1941972 0.9934651 0.2215889 0.9951693 0.2489762 0.9934651 0.2489762 0.9934651 0.2215889 0.9934651 0.2489762 0.9919536 0.2489762 0.9919536 0.2215889 0.3107968 0.7587208 0.3084282 0.7587208 0.3084282 0.7312055 0.3107968 0.7862402 0.3084282 0.7862402 0.3084282 0.7587208 0.312509 0.7587208 0.312509 0.7862402 0.3107968 0.7862402 0.3140276 0.7862402 0.312509 0.7862402 0.312509 0.7587208 0.3107968 0.5936171 0.3107968 0.6211365 0.3084282 0.6211365 0.3107968 0.6211365 0.3107968 0.6486516 0.3084282 0.6486516 0.3140276 0.8137555 0.312509 0.8137555 0.312509 0.7862402 0.312509 0.7862402 0.312509 0.8137555 0.3107968 0.8137555 0.312509 0.6211365 0.3107968 0.6211365 0.3107968 0.5936171 0.3140276 0.6211365 0.312509 0.6211365 0.312509 0.5936171 0.312509 0.5661018 0.312509 0.5936171 0.3107968 0.5936171 0.312509 0.5661018 0.3140276 0.5661018 0.3140276 0.5936171 0.9951693 0.3037551 0.9951693 0.2763678 0.997527 0.2763678 0.9951693 0.2763678 0.9951693 0.2489762 0.997527 0.2489762 0.9934651 0.2489762 0.9951693 0.2489762 0.9951693 0.2763678 0.9919536 0.2489762 0.9934651 0.2489762 0.9934651 0.2763678 0.9951693 0.3037551 0.9934651 0.3037551 0.9934651 0.2763678 0.9919536 0.3037551 0.9919536 0.2763678 0.9934651 0.2763678 0.3107967 0.5110673 0.3107968 0.5385823 0.3084282 0.5385823 0.3107968 0.5661018 0.3084282 0.5661018 0.3084282 0.5385823 0.312509 0.5661018 0.3107968 0.5661018 0.3107968 0.5385823 0.3140276 0.5661018 0.312509 0.5661018 0.312509 0.5385823 0.3107967 0.5110673 0.312509 0.5110673 0.312509 0.5385823 0.312509 0.5110673 0.3140276 0.5110673 0.3140276 0.5385823 0.9975269 0.3585339 0.9951692 0.3585339 0.9951693 0.3311467 0.9951693 0.3311467 0.9951693 0.3037551 0.997527 0.3037551 0.9934651 0.3037551 0.9951693 0.3037551 0.9951693 0.3311467 0.9919536 0.3311467 0.9919536 0.3037551 0.9934651 0.3037551 0.9951693 0.3311467 0.9951692 0.3585339 0.993465 0.3585339 0.9934651 0.3311467 0.993465 0.3585339 0.9919536 0.3585339 0.3140276 0.676171 0.3199769 0.676171 0.3199769 0.7036861 0.3107968 0.4835478 0.3107967 0.5110673 0.3084282 0.5110673 0.312509 0.5110673 0.3107967 0.5110673 0.3107968 0.4835478 0.3140276 0.5110673 0.312509 0.5110673 0.312509 0.4835478 0.9842034 0.08463931 0.9821504 0.08463931 0.9821504 0.05725198 0.997527 0.02986037 0.9951693 0.02986037 0.9951693 0.002472937 0.9934651 0.02986037 0.9934651 0.002472937 0.9951693 0.002472937 0.321814 0.7312055 0.3199769 0.7312055 0.3199769 0.7036861 0.321814 0.6486516 0.321814 0.676171 0.3199769 0.676171 0.3140276 0.6486516 0.3140276 0.6211365 0.3199769 0.6211365 0.3140276 0.7312055 0.3140276 0.7036861 0.3199769 0.7036861 0.3288227 0.6663801 0.3434475 0.6663801 0.3434474 0.6912447 0.321814 0.7587208 0.3199769 0.7587208 0.3199769 0.7312055 0.321814 0.676171 0.321814 0.7036861 0.3199769 0.7036861 0.321814 0.6211365 0.3199769 0.6211365 0.3199769 0.5936171 0.3140276 0.5936171 0.3140276 0.5661018 0.3199769 0.5661018 0.3140276 0.676171 0.3140276 0.6486516 0.3199769 0.6486516 0.321814 0.6211365 0.321814 0.6486516 0.3199769 0.6486516 0.321814 0.5661018 0.3199769 0.5661018 0.3199769 0.5385823 0.3140276 0.5385823 0.3140276 0.5110673 0.3199769 0.5110673 0.3140276 0.6211365 0.3140276 0.5936171 0.3199769 0.5936171 0.321814 0.5936171 0.3199769 0.5936171 0.3199769 0.5661018 0.321814 0.5110673 0.3199769 0.5110673 0.3199769 0.4835478 0.9919536 0.02986037 0.9860318 0.02986037 0.9860318 0.002472937 0.3140276 0.5661018 0.3140276 0.5385823 0.3199769 0.5385823 0.321814 0.5110673 0.321814 0.5385823 0.3199769 0.5385823 0.9842034 0.05725198 0.9842034 0.02986037 0.9860318 0.02986037 0.9919536 0.08463931 0.9860318 0.08463931 0.9860318 0.05725193 0.3140276 0.5110673 0.3140276 0.4835478 0.3199769 0.4835478 0.9842034 0.002472937 0.9860318 0.002472937 0.9860318 0.02986037 0.9842033 0.1120309 0.9842034 0.08463931 0.9860318 0.08463931 0.9919536 0.1394183 0.9860318 0.1394183 0.9860318 0.1120309 0.9860318 0.02986037 0.9919536 0.02986037 0.9919536 0.05725193 0.9842034 0.08463931 0.9842034 0.05725198 0.9860318 0.05725193 0.9842034 0.1394183 0.9860318 0.1394183 0.9860318 0.1668099 0.9919536 0.1668099 0.9919536 0.1941972 0.9860318 0.1941972 0.9860318 0.08463931 0.9919536 0.08463931 0.9919536 0.1120309 0.9842033 0.1120309 0.9860318 0.1120309 0.9860318 0.1394183 0.9842034 0.1941972 0.9860318 0.1941972 0.9860318 0.2215889 0.9919536 0.2489762 0.9860318 0.2489762 0.9860318 0.2215889 0.9860318 0.1394183 0.9919536 0.1394183 0.9919536 0.1668099 0.9842034 0.1668099 0.9860318 0.1668099 0.9860318 0.1941972 0.9842034 0.2763678 0.9842034 0.2489762 0.9860318 0.2489762 0.9919536 0.2763678 0.9919536 0.3037551 0.9860318 0.3037551 0.9919536 0.1941972 0.9919536 0.2215889 0.9860318 0.2215889 0.9842034 0.2489762 0.9842034 0.2215889 0.9860318 0.2215889 0.9842034 0.3037551 0.9860318 0.3037551 0.9860318 0.3311467 0.9919536 0.3311467 0.9919536 0.3585339 0.9860318 0.3585339 0.9919536 0.2489762 0.9919536 0.2763678 0.9860318 0.2763678 0.9842034 0.3037551 0.9842034 0.2763678 0.9860318 0.2763678 0.9842033 0.3585339 0.9860318 0.3585339 0.9860318 0.3859257 0.3140276 0.8412749 0.3199769 0.8412749 0.3199769 0.86879 0.9860318 0.3037551 0.9919536 0.3037551 0.9919536 0.3311467 0.9842034 0.3311467 0.9860318 0.3311467 0.9860318 0.3585339 0.321814 0.86879 0.321814 0.8963094 0.3199769 0.8963094 0.9842034 0.399636 0.9842034 0.3859257 0.9860318 0.3859257 0.9860318 0.3585339 0.9919536 0.3585339 0.9919536 0.3859257 0.9919536 0.3859257 0.9919536 0.399636 0.9860318 0.399636 0.3140276 0.9376344 0.3140276 0.9238583 0.3199769 0.9238583 0.321814 0.9100839 0.321814 0.9238583 0.3199769 0.9238583 0.321814 0.9238583 0.321814 0.9376344 0.3199769 0.9376344 0.9842034 0.4133465 0.9860318 0.4133465 0.9860318 0.4270586 0.9842034 0.399636 0.9860318 0.399636 0.9860318 0.4133465 0.9919536 0.4133465 0.9860318 0.4133465 0.9860318 0.399636 0.9860318 0.4133465 0.9919536 0.4133465 0.9919536 0.4270586 0.3140276 0.9238583 0.3140276 0.9100839 0.3199769 0.9100839 0.321814 0.8137555 0.321814 0.8412749 0.3199769 0.8412749 0.3140276 0.7862402 0.3199769 0.7862402 0.3199769 0.8137555 0.3140276 0.8963094 0.3140276 0.86879 0.3199769 0.86879 0.321814 0.9100839 0.3199769 0.9100839 0.3199769 0.8963094 0.3140276 0.8963094 0.3199769 0.8963094 0.3199769 0.9100839 0.321814 0.8412749 0.321814 0.86879 0.3199769 0.86879 0.321814 0.7862402 0.3199769 0.7862402 0.3199769 0.7587208 0.3140276 0.7587208 0.3140276 0.7312055 0.3199769 0.7312055 0.3199769 0.8412749 0.3140276 0.8412749 0.3140276 0.8137555 0.321814 0.8137555 0.3199769 0.8137555 0.3199769 0.7862402 0.9842034 0.05725198 0.9821504 0.05725198 0.9821504 0.02986037 0.3199769 0.7862402 0.3140276 0.7862402 0.3140276 0.7587208 0.01734447 0.4835481 0.2975486 0.4835479 0.2975487 0.5088317 0.01734453 0.5088317 0.2975487 0.5088317 0.2975486 0.5341196 0.01734447 0.5341197 0.2975486 0.5341196 0.2975486 0.5594034 0.9842034 0.1394183 0.9821504 0.1394183 0.9821504 0.1120309 0.9821504 0.3859257 0.9821504 0.3585339 0.9842033 0.3585339 0.3238765 0.7036861 0.3238765 0.7312055 0.321814 0.7312055 0.2975486 0.6099751 0.01734447 0.6099752 0.01734447 0.5846914 0.321814 0.8412749 0.3238765 0.8412749 0.3238765 0.86879 0.6190049 0.4923126 0.3434474 0.4923125 0.3434474 0.479865 0.321814 0.86879 0.3238765 0.86879 0.3238765 0.8963094 0.9821504 0.1668099 0.9821504 0.1394183 0.9842034 0.1394183 0.6190049 0.6912448 0.3434474 0.6912447 0.3434475 0.6663801 0.9842034 0.1668099 0.9842034 0.1941972 0.9821504 0.1941972 0.321814 0.5936171 0.321814 0.5661018 0.3238765 0.5661018 0.3434473 0.6415117 0.3434473 0.6166472 0.6190049 0.6166471 0.321814 0.8137555 0.3238765 0.8137555 0.3238765 0.8412749 0.9842034 0.2763678 0.9821504 0.2763678 0.9821504 0.2489762 0.6190049 0.517181 0.6190049 0.5420456 0.3434473 0.5420455 0.8279337 0.2210651 0.8460976 0.2089322 0.8520964 0.2162229 0.3434473 0.5917786 0.3434473 0.566914 0.6190049 0.5669141 0.321814 0.6486516 0.321814 0.6211365 0.3238765 0.6211365 0.321814 0.676171 0.3238765 0.676171 0.3238765 0.7036861 0.3434473 0.6415117 0.6190049 0.6415116 0.6190049 0.6663802 0.321814 0.6486516 0.3238765 0.6486516 0.3238765 0.676171 0.321814 0.7862402 0.3238765 0.7862402 0.3238765 0.8137555 0.9821504 0.2215889 0.9821504 0.1941972 0.9842034 0.1941972 0.3238765 0.7587208 0.3238765 0.7862402 0.321814 0.7862402 0.9842034 0.2489762 0.9821504 0.2489762 0.9821504 0.2215889 0.3238765 0.5936171 0.3238765 0.6211365 0.321814 0.6211365 0.321814 0.7587208 0.321814 0.7312055 0.3238765 0.7312055 0.6190049 0.5669141 0.3434473 0.566914 0.3434473 0.5420455 0.9842034 0.2763678 0.9842034 0.3037551 0.9821504 0.3037551 0.3238765 0.5385823 0.3238765 0.5661018 0.321814 0.5661018 0.321814 0.5110673 0.3238765 0.5110673 0.3238765 0.5385823 0.9821504 0.3311467 0.9821504 0.3037551 0.9842034 0.3037551 0.9842034 0.3311467 0.9842033 0.3585339 0.9821504 0.3585339 0.3238765 0.4835478 0.3238765 0.5110673 0.321814 0.5110673 0.9842034 0.002472937 0.9842034 0.02986037 0.9821504 0.02986037 0.3288226 0.6415116 0.3434473 0.6415117 0.3434475 0.6663801 0.7863299 0.2336789 0.8077548 0.2294202 0.8105072 0.2384517 0.8615431 0.1934916 0.8688486 0.1994721 0.8520964 0.2162229 0.8077548 0.2294202 0.8279337 0.2210651 0.832395 0.2293861 0.3288227 0.7161131 0.3434474 0.7161132 0.3434474 0.7409778 0.3288227 0.7161131 0.3288227 0.6912446 0.3434474 0.6912447 0.7430648 0.2294123 0.7644891 0.2336763 0.7635759 0.2430739 0.7863299 0.2336789 0.7872675 0.2430739 0.7635759 0.2430739 0.3288227 0.7658461 0.3434474 0.7658463 0.3434474 0.7907108 0.3288227 0.7409777 0.3434474 0.7409778 0.3434474 0.7658463 0.7228868 0.2210519 0.7184469 0.229385 0.698744 0.2162206 0.7228868 0.2210519 0.7430648 0.2294123 0.7403357 0.2384513 0.3288227 0.8155792 0.3434474 0.8155793 0.3434474 0.8404439 0.3288227 0.7907108 0.3434474 0.7907108 0.3434474 0.8155793 0.6771458 0.175303 0.6892812 0.1934679 0.6819902 0.1994678 0.6892812 0.1934679 0.7047244 0.2089137 0.698744 0.2162206 0.002473115 0.5088317 0.002473056 0.4835481 0.01734447 0.4835481 0.3288227 0.8404438 0.3434474 0.8404439 0.3434474 0.8653123 0.6645277 0.1336961 0.6687884 0.1551226 0.6597563 0.157876 0.6771458 0.175303 0.6688243 0.1797652 0.6597563 0.157876 0.002473056 0.5594035 0.002473056 0.5341197 0.01734447 0.5341197 0.002473056 0.5341197 0.002473115 0.5088317 0.01734453 0.5088317 0.6645289 0.1118532 0.6551303 0.1109406 0.6597516 0.08769774 0.6645277 0.1336961 0.6551319 0.1346344 0.6551303 0.1109406 0.002473056 0.6099752 0.002473056 0.5846914 0.01734447 0.5846914 0.002473056 0.5846914 0.002473056 0.5594035 0.01734447 0.5594035 0.6771515 0.07024592 0.6688173 0.06580615 0.6819815 0.04610043 0.6771515 0.07024592 0.6687917 0.0904265 0.6597516 0.08769774 0.002473056 0.6605469 0.002473056 0.6352631 0.01734447 0.6352631 0.002473056 0.6099752 0.01734447 0.6099752 0.01734447 0.6352631 0.7047358 0.03663504 0.6987347 0.02934384 0.7184382 0.01617509 0.6892895 0.05208092 0.6819815 0.04610043 0.6987347 0.02934384 0.002473115 0.7111186 0.002473115 0.6858347 0.01734453 0.6858347 0.002473115 0.6858347 0.002473056 0.6605469 0.01734447 0.6605469 0.764512 0.01187437 0.7430833 0.01613742 0.7403289 0.007104516 0.7430833 0.01613742 0.7229016 0.02449721 0.7184382 0.01617509 0.002473115 0.7364064 0.01734453 0.7364064 0.01734453 0.7616903 0.002473115 0.7364064 0.002473115 0.7111186 0.01734453 0.7111186 0.8077903 0.01613444 0.7863579 0.01187348 0.7872694 0.002473056 0.7863579 0.01187348 0.764512 0.01187437 0.7635726 0.002477467 0.002473115 0.7869781 0.01734453 0.7869781 0.01734453 0.8122619 0.002473115 0.7616903 0.01734453 0.7616903 0.01734453 0.7869781 0.8279827 0.02449429 0.8324221 0.01615041 0.8521628 0.02930974 0.8279827 0.02449429 0.8077903 0.01613444 0.8105176 0.007090628 0.3288226 0.5420455 0.3288226 0.5171809 0.3434473 0.517181 0.002473115 0.8122619 0.01734453 0.8122619 0.01734447 0.8375498 0.8863314 0.1119088 0.8821134 0.0904833 0.8911368 0.08777052 0.002473056 0.8502071 0.002473056 0.8375498 0.01734447 0.8375498 0.854307 0.04397106 0.8461747 0.03664231 0.8521628 0.02930974 0.8737892 0.0702933 0.8681573 0.06090086 0.8760292 0.05565196 0.8616479 0.05209046 0.8689473 0.04609745 0.8760292 0.05565196 0.3288227 0.4674175 0.3288227 0.4549685 0.3434474 0.4549685 0.002473056 0.8628646 0.01734441 0.8628646 0.01734441 0.8755235 0.854307 0.04397106 0.8609746 0.03729873 0.8689473 0.04609745 0.002473056 0.8502071 0.01734447 0.8502071 0.01734441 0.8628646 0.3288227 0.479865 0.3288227 0.4674175 0.3434474 0.4674175 0.8784633 0.08018082 0.8737892 0.0702933 0.8821219 0.06586265 0.3288226 0.5171809 0.3288227 0.4923125 0.3434474 0.4923125 0.8863127 0.1337406 0.8957049 0.1346573 0.8910796 0.1578888 0.8784633 0.08018082 0.8871681 0.07659775 0.8911368 0.08777052 0.3288227 0.479865 0.3434474 0.479865 0.3434474 0.4923125 0.8863314 0.1119088 0.8957161 0.1109841 0.8957049 0.1346573 0.3288226 0.5917786 0.3288226 0.566914 0.3434473 0.566914 0.3288226 0.566914 0.3288226 0.5420455 0.3434473 0.5420455 0.8736816 0.1753326 0.882013 0.1797727 0.8688486 0.1994721 0.8820435 0.1551588 0.8910796 0.1578888 0.882013 0.1797727 0.3288226 0.6166471 0.3434473 0.6166472 0.3434473 0.6415117 0.3288226 0.5917786 0.3434473 0.5917786 0.3434473 0.6166472 0.9312262 0.462131 0.9201434 0.462131 0.9201434 0.4549684 0.9312262 0.4696785 0.9201434 0.4696785 0.9201434 0.462131 0.9006622 0.3481292 0.9006622 0.340773 0.9120444 0.3407729 0.9006622 0.340773 0.9006623 0.3330216 0.9120445 0.3330216 0.6092304 0.02687937 0.6133887 0.01696836 0.61595 0.01920533 0.940911 0.462131 0.9312262 0.462131 0.9312262 0.4549684 0.940911 0.4696785 0.9312262 0.4696785 0.9312262 0.462131 0.940911 0.4805219 0.9312262 0.4805219 0.9312262 0.4696785 0.9312262 0.4805219 0.9201434 0.4805219 0.9201434 0.4696785 0.9006623 0.3330216 0.9006623 0.3218853 0.9120445 0.3218852 0.9120445 0.3330216 0.9120445 0.3218852 0.921991 0.3218852 0.9120444 0.3407729 0.9120445 0.3330216 0.921991 0.3330216 0.9120444 0.3481291 0.9120444 0.3407729 0.9219909 0.3407729 0.03673577 0.01903551 0.03930163 0.01679855 0.04345536 0.02672374 0.03378391 0.005575299 0.0363835 0.004952788 0.03930163 0.01679855 0.6133887 0.01696836 0.6163144 0.005137681 0.6189107 0.005761921 0.8108859 0.4648252 0.783614 0.4593852 0.7838684 0.4568241 0.8377857 0.4732269 0.8116287 0.462383 0.8121669 0.4606083 0.997527 0.3859257 0.9951693 0.3859257 0.9951692 0.3585339 0.5958247 0.2785117 0.5958169 0.2499299 0.6443395 0.2499182 0.9951693 0.3859257 0.9934651 0.3859257 0.993465 0.3585339 0.993465 0.3585339 0.9934651 0.3859257 0.9919536 0.3859257 0.5958773 0.4214339 0.6444286 0.4214155 0.6444401 0.4499996 0.00818932 0.4214057 0.008199691 0.3928132 0.05675178 0.3928319 0.997527 0.3859257 0.997527 0.399636 0.9951693 0.399636 0.9951693 0.3859257 0.9951693 0.399636 0.9934651 0.399636 0.9934651 0.3859257 0.9934651 0.399636 0.9919536 0.399636 0.9951693 0.05725193 0.9951693 0.02986037 0.997527 0.02986037 0.9934651 0.05725193 0.9934651 0.02986037 0.9951693 0.02986037 0.9919536 0.05725193 0.9919536 0.02986037 0.9934651 0.02986037 0.8813241 0.5090118 0.8613067 0.4889845 0.8624829 0.4875508 0.8596858 0.4909567 0.8613067 0.4889845 0.8813241 0.5090118 0.2536047 0.2501239 0.3156741 0.2503225 0.3156204 0.2788094 0.8813241 0.5090118 0.8827575 0.5078349 0.8986614 0.5316955 0.6258334 0.5862545 0.6257959 0.6145648 0.623951 0.6147437 0.9951693 0.08463931 0.9951693 0.05725193 0.997527 0.05725193 0.8365708 0.4754957 0.8377857 0.4732269 0.8613067 0.4889845 0.008304119 0.2213371 0.008303463 0.1928007 0.05677586 0.192726 0.2535333 0.4786018 0.2534829 0.4500068 0.3156374 0.4498648 0.6336824 0.6416 0.6312193 0.6423351 0.6257959 0.6145648 0.6283358 0.6143209 0.6257959 0.6145648 0.6258334 0.5862545 0.3991032 0.4500223 0.3369286 0.4497959 0.3370079 0.4212995 0.631406 0.5584991 0.6258334 0.5862545 0.6239883 0.5860715 0.907858 0.558732 0.8970261 0.5325701 0.8986614 0.5316955 0.6257959 0.6145648 0.6312193 0.6423351 0.6294454 0.642866 0.9919536 0.02986037 0.9919536 0.002472937 0.9934651 0.002472937 0.2536047 0.2501239 0.05680602 0.2499077 0.05680245 0.2213163 0.337094 0.335785 0.3991828 0.3357705 0.399191 0.3643206 0.8947741 0.5337721 0.8793335 0.510643 0.8813241 0.5090118 0.8947741 0.5337721 0.8970261 0.5325701 0.907858 0.558732 0.9133521 0.5865045 0.907858 0.558732 0.9096324 0.5581932 0.3107968 0.8412749 0.3084282 0.8412749 0.3084282 0.8137555 0.3986252 0.1643657 0.3365864 0.1650304 0.3362902 0.1367002 0.2534548 0.4214412 0.2534371 0.3928778 0.3155655 0.3928418 0.628394 0.5865108 0.6258334 0.5862545 0.631406 0.5584991 0.312509 0.8137555 0.312509 0.8412749 0.3107968 0.8412749 0.3140276 0.8137555 0.3140276 0.8412749 0.312509 0.8412749 0.631406 0.5584991 0.6296317 0.5579602 0.6406229 0.5314727 0.6338477 0.559243 0.631406 0.5584991 0.6422582 0.5323471 0.658022 0.5088313 0.6422582 0.5323471 0.6406229 0.5314727 0.9133522 0.6148158 0.9133521 0.5865045 0.9151973 0.586322 0.2534829 0.4500068 0.2534548 0.4214412 0.3155861 0.4213572 0.3986252 0.1643657 0.3988171 0.1929937 0.3367953 0.1934331 0.8364495 0.7257872 0.8595912 0.7103193 0.861226 0.7123115 0.9108117 0.5867534 0.9133521 0.5865045 0.9133522 0.6148158 0.907811 0.642566 0.9133522 0.6148158 0.9151973 0.6149966 0.8114786 0.7388896 0.8376535 0.7280405 0.8385295 0.7296767 0.2534371 0.3928778 0.2534401 0.3643277 0.3155525 0.3643301 0.2534401 0.3643277 0.2534516 0.3357753 0.3155646 0.335816 0.6445266 0.5335628 0.6422582 0.5323471 0.658022 0.5088313 0.8376535 0.7280405 0.8114786 0.7388896 0.8107316 0.7364251 0.8114786 0.7388896 0.8120186 0.740665 0.7838739 0.7462449 0.658022 0.5088313 0.6565886 0.5076548 0.676877 0.4873862 0.253484 0.3072285 0.3155795 0.3073089 0.3155646 0.335816 0.3158937 0.1934258 0.2538496 0.1929724 0.2540596 0.1643561 0.9107919 0.6145628 0.9133522 0.6148158 0.907811 0.642566 0.658022 0.5088313 0.6780534 0.4888197 0.6796841 0.4908107 0.6780534 0.4888197 0.676877 0.4873862 0.7007408 0.4714889 0.907811 0.642566 0.9095845 0.6431023 0.8986366 0.6695662 0.3989595 0.2215664 0.3369197 0.2218545 0.3367953 0.1934331 0.3989595 0.2215664 0.3990556 0.2501322 0.3369991 0.2503204 0.7834402 0.7418561 0.8107316 0.7364251 0.8114786 0.7388896 0.9053707 0.6418257 0.907811 0.642566 0.897001 0.6686946 0.7836905 0.7443982 0.7838739 0.7462449 0.7551741 0.7462627 0.253484 0.3072285 0.2535302 0.2786762 0.3156204 0.2788094 0.7836905 0.7443982 0.7553533 0.7444153 0.7556044 0.7418515 0.7553533 0.7444153 0.7551741 0.7462627 0.7270173 0.7406798 0.7277789 0.4622998 0.7016149 0.4731243 0.7007408 0.4714889 0.2540596 0.1643561 0.2543349 0.1356554 0.3164345 0.1366779 0.3164345 0.1366779 0.2543349 0.1356554 0.2547499 0.1068837 0.8947415 0.6674875 0.897001 0.6686946 0.8812782 0.6922459 0.7016149 0.4731243 0.7277789 0.4622998 0.7285238 0.4647632 0.7277789 0.4622998 0.7272406 0.4605253 0.7553713 0.4549684 0.7012934 0.7281402 0.7275507 0.7389011 0.7270173 0.7406798 0.2552698 0.07792204 0.3177504 0.08017152 0.3169055 0.1083967 0.5963293 0.1068532 0.3979585 0.1068917 0.3974381 0.07790315 0.7282873 0.7364532 0.7556044 0.7418515 0.7553533 0.7444153 0.7275507 0.7389011 0.7012934 0.7281402 0.7024976 0.7258681 0.6904736 0.7187237 0.7024976 0.7258681 0.7012934 0.7281402 0.7555532 0.4568138 0.7553713 0.4549684 0.7840501 0.4549786 0.2795421 0.03433352 0.3203445 0.03855752 0.3191519 0.05227172 0.3979585 0.1068917 0.3983352 0.1357043 0.3362902 0.1367002 0.6890453 0.7208692 0.7012934 0.7281402 0.7004317 0.729794 0.7555532 0.4568138 0.7838684 0.4568241 0.783614 0.4593852 0.7838684 0.4568241 0.7840501 0.4549786 0.8121669 0.4606083 0.6443918 0.3356537 0.6444054 0.3642413 0.5958601 0.3642622 0.3991634 0.3072272 0.3991828 0.3357705 0.337094 0.335785 0.3669942 0.005502164 0.370158 0.01946222 0.3307078 0.02468526 0.7558013 0.4593544 0.7285238 0.4647632 0.7277789 0.4622998 0.6575461 0.6922332 0.6670839 0.7027965 0.6657658 0.7041094 0.6776145 0.7123796 0.6764369 0.7138138 0.6657658 0.7041094 0.3219857 0.02474886 0.2825629 0.01951044 0.2857317 0.005560338 0.3203445 0.03855752 0.2795421 0.03433352 0.2825629 0.01951044 0.6512584 0.6793723 0.6595354 0.6906124 0.6575461 0.6922332 0.6595354 0.6906124 0.6688998 0.7009876 0.6670839 0.7027965 0.6792445 0.7103943 0.6776145 0.7123796 0.6670839 0.7027965 0.6904736 0.7187237 0.6890453 0.7208692 0.6776145 0.7123796 0.6890453 0.7208692 0.6880188 0.7224103 0.6764369 0.7138138 0.370158 0.01946222 0.3731732 0.03429496 0.3323433 0.03850364 0.6451297 0.07933765 0.5967361 0.07809287 0.597235 0.05036014 0.6491144 0.6807889 0.6575461 0.6922332 0.6561089 0.6934038 0.399191 0.3643206 0.5958601 0.3642622 0.595869 0.3928444 0.05673664 0.45001 0.2534829 0.4500068 0.2535333 0.4786018 0.6444184 0.3928261 0.595869 0.3928444 0.5958601 0.3642622 0.5958773 0.4214339 0.399153 0.4214392 0.3991804 0.3928726 0.2536047 0.2501239 0.2535302 0.2786762 0.05679869 0.2784913 0.3357611 0.108404 0.3349207 0.08014887 0.3974381 0.07790315 0.0563274 0.1067867 0.2547499 0.1068837 0.2543349 0.1356554 0.5958366 0.3070963 0.5958488 0.3356767 0.3991828 0.3357705 0.2186809 0.02624928 0.09564357 0.02713155 0.09876811 0.01904231 0.2154247 0.01814973 0.09876811 0.01904231 0.09989833 0.01145815 0.5959131 0.1641495 0.6443483 0.1643226 0.6443223 0.1928212 0.3991203 0.2786786 0.3370528 0.2787935 0.3369991 0.2503204 0.2975486 0.5846913 0.01734447 0.5846914 0.01734447 0.5594035 0.6446307 0.1075715 0.5963293 0.1068532 0.5967361 0.07809287 0.008180439 0.4499934 0.00818932 0.4214057 0.05674386 0.4214221 0.008212685 0.3642257 0.008228778 0.3356353 0.05677384 0.3356602 0.0559287 0.07798773 0.0563274 0.1067867 0.007949292 0.1074953 0.5958366 0.3070963 0.6443759 0.3070719 0.6443918 0.3356537 0.008303463 0.1928007 0.008269846 0.1642895 0.05671525 0.1641129 0.05676198 0.3642478 0.05675178 0.3928319 0.008199691 0.3928132 0.6443249 0.221356 0.6443395 0.2499182 0.5958169 0.2499299 0.6443249 0.221356 0.5958201 0.2213426 0.5958446 0.192752 0.05678689 0.3070782 0.008247792 0.3070522 0.008268773 0.2784693 0.3084282 0.7036861 0.3107968 0.7036861 0.3107968 0.7312055 0.5959131 0.1641495 0.5960542 0.1355209 0.6444324 0.1358939 0.05656194 0.1354874 0.008192718 0.1358655 0.007949292 0.1074953 0.008192718 0.1358655 0.05656194 0.1354874 0.05671525 0.1641129 0.6443578 0.2784894 0.6443759 0.3070719 0.5958366 0.3070963 0.05677586 0.192726 0.2538496 0.1929724 0.2537057 0.2215584 0.6257734 0.006975889 0.6501842 0.009890258 0.6485279 0.02377915 0.05678689 0.3070782 0.05677384 0.3356602 0.008228778 0.3356353 0.0081712 0.4785845 0.008180439 0.4499934 0.05673664 0.45001 0.004118502 0.02358514 0.002472937 0.009679734 0.02691286 0.006784379 0.005530357 0.03743237 0.004118502 0.02358514 0.02903306 0.02084064 0.6236431 0.02101534 0.6485279 0.02377915 0.6471051 0.03760987 0.008289277 0.2498989 0.05680602 0.2499077 0.05679869 0.2784913 0.595869 0.3928444 0.6444184 0.3928261 0.6444286 0.4214155 0.2264435 0.03631687 0.08803588 0.03716349 0.09564357 0.02713155 0.2141567 0.01055645 0.09989833 0.01145815 0.1000958 0.004089534 0.5528287 0.01156014 0.5539525 0.01914358 0.4373148 0.01815998 0.5539525 0.01914358 0.5570698 0.02723354 0.4340525 0.0262559 0.006519198 0.0512467 0.005530357 0.03743237 0.03064125 0.03531002 0.008289277 0.2498989 0.008304119 0.2213371 0.05680245 0.2213163 0.6446307 0.1075715 0.6444324 0.1358939 0.5960542 0.1355209 0.5526373 0.004192829 0.5528287 0.01156014 0.4385888 0.01056861 0.4262827 0.03631645 0.4340525 0.0262559 0.5570698 0.02723354 0.00747025 0.07921087 0.006519198 0.0512467 0.05544108 0.05023545 0.399191 0.3643206 0.3991828 0.3357705 0.5958488 0.3356767 0.2975486 0.8755235 0.01734441 0.8755235 0.01734441 0.8628646 0.9842034 0.4133465 0.9821504 0.4133465 0.9821504 0.399636 0.9842034 0.4270586 0.9821504 0.4270586 0.9821504 0.4133465 0.321814 0.9376344 0.321814 0.9238583 0.3238765 0.9238583 0.321814 0.9238583 0.321814 0.9100839 0.3238765 0.9100839 0.3434474 0.479865 0.3434474 0.4674175 0.6190049 0.4674175 0.2975487 0.786978 0.2975487 0.8122618 0.01734453 0.8122619 0.01734453 0.8122619 0.2975487 0.8122618 0.2975486 0.8375496 0.9842034 0.3859257 0.9842034 0.399636 0.9821504 0.399636 0.01734447 0.8502071 0.01734447 0.8375498 0.2975486 0.8375496 0.6190049 0.8155794 0.6190049 0.8404439 0.3434474 0.8404439 0.3434474 0.8404439 0.6190049 0.8404439 0.6190049 0.8653123 0.2975487 0.7364063 0.2975487 0.7616903 0.01734453 0.7616903 0.01734453 0.7869781 0.01734453 0.7616903 0.2975487 0.7616903 0.3434474 0.7658463 0.6190049 0.7658462 0.6190049 0.7907108 0.3434474 0.7907108 0.6190049 0.7907108 0.6190049 0.8155794 0.01734453 0.6858347 0.2975487 0.6858345 0.2975487 0.7111186 0.01734453 0.7111186 0.2975487 0.7111186 0.2975487 0.7364063 0.6190049 0.7161131 0.6190049 0.7409778 0.3434474 0.7409778 0.3434474 0.7658463 0.3434474 0.7409778 0.6190049 0.7409778 0.3434473 0.6166472 0.3434473 0.5917786 0.6190049 0.5917785 0.2975486 0.6352629 0.2975486 0.6605468 0.01734447 0.6605469 0.01734447 0.6605469 0.2975486 0.6605468 0.2975487 0.6858345 0.3434474 0.6912447 0.6190049 0.6912448 0.6190049 0.7161131 0.01734447 0.6352631 0.01734447 0.6099752 0.2975486 0.6099751 0.321814 0.8963094 0.3238765 0.8963094 0.3238765 0.9100839 0.3434474 0.4923125 0.6190049 0.4923126 0.6190049 0.517181 0.8116287 0.462383 0.8377857 0.4732269 0.8365708 0.4754957 0.5958169 0.2499299 0.3990556 0.2501322 0.3989595 0.2215664 0.6441733 0.667378 0.6419138 0.6685678 0.6312193 0.6423351 0.5646675 0.03726905 0.597235 0.05036014 0.3968134 0.04968953 0.399153 0.4214392 0.5958773 0.4214339 0.5958849 0.4500223 0.5958366 0.3070963 0.3991634 0.3072272 0.3991203 0.2786786 0.5967361 0.07809287 0.3974381 0.07790315 0.3968134 0.04968953 0.2547499 0.1068837 0.0563274 0.1067867 0.0559287 0.07798773 0.3177504 0.08017152 0.2552698 0.07792204 0.2559024 0.04971212 0.5958169 0.2499299 0.5958247 0.2785117 0.3991203 0.2786786 0.2559024 0.04971212 0.05544108 0.05023545 0.08803588 0.03716349 0.05679869 0.2784913 0.2535302 0.2786762 0.253484 0.3072285 0.05671525 0.1641129 0.05656194 0.1354874 0.2543349 0.1356554 0.05671525 0.1641129 0.2540596 0.1643561 0.2538496 0.1929724 0.05677384 0.3356602 0.05678689 0.3070782 0.253484 0.3072285 0.05674386 0.4214221 0.05675178 0.3928319 0.2534371 0.3928778 0.5958446 0.192752 0.5958201 0.2213426 0.3989595 0.2215664 0.6419138 0.6685678 0.6402714 0.6694194 0.6294454 0.642866 0.05675178 0.3928319 0.05676198 0.3642478 0.2534401 0.3643277 0.05677384 0.3356602 0.2534516 0.3357753 0.2534401 0.3643277 0.5958446 0.192752 0.3988171 0.1929937 0.3986252 0.1643657 0.5960542 0.1355209 0.5959131 0.1641495 0.3986252 0.1643657 0.5960542 0.1355209 0.3983352 0.1357043 0.3979585 0.1068917 0.2534548 0.4214412 0.2534829 0.4500068 0.05673664 0.45001 0.0559287 0.07798773 0.05544108 0.05023545 0.2559024 0.04971212 0.3370528 0.2787935 0.3991203 0.2786786 0.3991634 0.3072272 0.2744153 0.03326463 0.2794963 0.01822447 0.2825629 0.01951044 0.2794963 0.01822447 0.2829937 0.004876255 0.2857317 0.005560338 0.3669942 0.005502164 0.3697342 0.004819214 0.373227 0.01817715 0.370158 0.01946222 0.373227 0.01817715 0.378303 0.03322833 0.9006623 0.3064792 0.9006623 0.2887975 0.9120445 0.2887975 0.9201434 0.4955226 0.9312262 0.4955226 0.9312262 0.512739 0.9006623 0.2887975 0.9006623 0.2698883 0.9120445 0.2698882 0.9201434 0.512739 0.9312262 0.512739 0.9312262 0.531151 0.9120445 0.3218852 0.9120445 0.3064792 0.921991 0.3064792 0.9006623 0.3218853 0.9006623 0.3064792 0.9120445 0.3064792 0.9201434 0.4805219 0.9312262 0.4805219 0.9312262 0.4955226 0.9312262 0.4805219 0.940911 0.4805219 0.940911 0.4955226 0.9312262 0.4955226 0.940911 0.4955226 0.940911 0.512739 0.9312262 0.512739 0.940911 0.512739 0.940911 0.531151 0.940911 0.5420265 0.940911 0.5534836 0.9312262 0.5534836 0.9312262 0.5420265 0.9312262 0.5534836 0.9201434 0.5534836 0.9120445 0.2587188 0.9006623 0.2587189 0.9006623 0.2469521 0.921991 0.2587188 0.9120445 0.2587188 0.9120445 0.2469521 0.9120445 0.2887975 0.9120445 0.2698882 0.921991 0.2698882 0.9120445 0.3064792 0.9120445 0.2887975 0.921991 0.2887975 0.9696597 0.3064792 0.9625102 0.3064792 0.9625102 0.2887975 0.955996 0.3064792 0.955996 0.2887975 0.9625102 0.2887975 0.9696597 0.2887975 0.9625102 0.2887975 0.9625102 0.2698882 0.955996 0.2887975 0.955996 0.2698882 0.9625102 0.2698882 0.9772043 0.3218852 0.9696597 0.3218852 0.9696597 0.3064792 0.9696597 0.3218852 0.9625102 0.3218852 0.9625102 0.3064792 0.955996 0.3218852 0.955996 0.3064792 0.9625102 0.3064792 0.949943 0.3218852 0.949943 0.3064792 0.955996 0.3064792 0.949943 0.3064792 0.949943 0.2887975 0.955996 0.2887975 0.949943 0.2887975 0.949943 0.2698882 0.955996 0.2698882 0.955996 0.2587188 0.949943 0.2587188 0.949943 0.2469521 0.9625102 0.2587188 0.955996 0.2587188 0.955996 0.2469521 0.9696597 0.2587188 0.9625102 0.2587188 0.9625102 0.2469521 0.9772043 0.2587188 0.9696597 0.2587188 0.9696597 0.2469521 0.9772043 0.2887975 0.9696597 0.2887975 0.9696597 0.2698882 0.9772043 0.3064792 0.9696597 0.3064792 0.9696597 0.2887975 0.9553964 0.7496811 0.9553964 0.7323698 0.9619265 0.7323698 0.9486128 0.7496811 0.9486128 0.7323698 0.9553964 0.7323698 0.9619265 0.7323698 0.9553964 0.7323698 0.9553964 0.7126296 0.9553964 0.7323698 0.9486128 0.7323698 0.9486128 0.7126296 0.9619265 0.764468 0.9619265 0.7496811 0.9681277 0.7496811 0.9553964 0.764468 0.9553964 0.7496811 0.9619265 0.7496811 0.9486128 0.764468 0.9486128 0.7496811 0.9553964 0.7496811 0.940911 0.764468 0.940911 0.7496811 0.9486128 0.7496811 0.940911 0.7496811 0.940911 0.7323698 0.9486128 0.7323698 0.9486128 0.7323698 0.940911 0.7323698 0.940911 0.7126296 0.9486128 0.700103 0.940911 0.700103 0.940911 0.688041 0.9553964 0.700103 0.9486128 0.700103 0.9486128 0.688041 0.9619265 0.700103 0.9553964 0.700103 0.9553964 0.688041 0.9681277 0.700103 0.9619265 0.700103 0.9619265 0.688041 0.9681277 0.7323698 0.9619265 0.7323698 0.9619265 0.7126296 0.9619265 0.7496811 0.9619265 0.7323698 0.9681277 0.7323698 0.9120444 0.1604816 0.9120445 0.1974022 0.9006623 0.1974022 0.9219909 0.1604816 0.921991 0.1974022 0.9120445 0.1974022 0.9201434 0.60173 0.9201434 0.5835461 0.9312262 0.5835461 0.9006623 0.1974022 0.9120445 0.1974022 0.9120445 0.2160774 0.940911 0.688041 0.9312262 0.688041 0.9312262 0.6560284 0.9312262 0.688041 0.9201434 0.688041 0.9201434 0.6560284 0.9120444 0.1087593 0.9120444 0.1416369 0.9006622 0.1416369 0.9219909 0.1087593 0.9219909 0.1416369 0.9120444 0.1416369 0.9312262 0.60173 0.940911 0.60173 0.940911 0.6376793 0.9120445 0.1974022 0.921991 0.1974022 0.921991 0.2160774 0.9120445 0.2160774 0.921991 0.2160774 0.921991 0.2469521 0.9006623 0.2160774 0.9120445 0.2160774 0.9120445 0.2469521 0.9201434 0.5835461 0.9201434 0.5534836 0.9312262 0.5534836 0.9312262 0.5835461 0.9312262 0.5534836 0.940911 0.5534836 0.9312262 0.60173 0.9312262 0.5835461 0.940911 0.5835461 0.9368676 0.1604816 0.9368677 0.1974022 0.9299009 0.1974022 0.9201434 0.791531 0.9201434 0.783753 0.9312262 0.783753 0.9006623 0.002473056 0.9120445 0.002473056 0.9120445 0.01046115 0.9201434 0.783753 0.9201434 0.7756071 0.9312262 0.7756071 0.9006623 0.01046115 0.9120445 0.01046115 0.9120444 0.01882719 0.373227 0.01817715 0.3766283 0.01550036 0.3811718 0.025128 0.3697342 0.004819214 0.3732261 0.003821015 0.3766283 0.01550036 0.2829937 0.004876255 0.2794963 0.01822447 0.2760984 0.01554763 0.2794963 0.01822447 0.2744153 0.03326463 0.2715524 0.0251671 0.9120445 0.002473056 0.921991 0.002473056 0.921991 0.01046115 0.9120445 0.01046115 0.921991 0.01046115 0.9219909 0.01882719 0.9120444 0.01882719 0.9219909 0.01882719 0.9219909 0.03026717 0.9006622 0.01882719 0.9120444 0.01882719 0.9120444 0.03026717 0.9201434 0.7756071 0.9201434 0.764468 0.9312262 0.764468 0.9312262 0.7756071 0.9312262 0.764468 0.940911 0.764468 0.9312262 0.783753 0.9312262 0.7756071 0.940911 0.7756071 0.9312262 0.791531 0.9312262 0.783753 0.940911 0.783753 0.6220238 0.03546828 0.6471051 0.03760987 0.6461052 0.05140763 0.9625101 0.04545366 0.9625101 0.06323277 0.9559959 0.06323277 0.9696596 0.04545366 0.9696596 0.06323277 0.9625101 0.06323277 0.9625101 0.06323277 0.9625101 0.08350628 0.9559959 0.08350628 0.9696596 0.06323277 0.9696596 0.08350628 0.9625101 0.08350628 0.9559959 0.03026717 0.9559959 0.04545366 0.9499429 0.04545366 0.9625101 0.03026717 0.9625101 0.04545366 0.9559959 0.04545366 0.9696596 0.03026717 0.9696596 0.04545366 0.9625101 0.04545366 0.9772042 0.03026717 0.9772042 0.04545366 0.9696596 0.04545366 0.9772042 0.04545366 0.9772042 0.06323277 0.9696596 0.06323277 0.9772042 0.06323277 0.9772042 0.08350628 0.9696596 0.08350628 0.9772042 0.09637141 0.9772042 0.1087593 0.9696596 0.1087593 0.9696596 0.09637141 0.9696596 0.1087593 0.9625101 0.1087593 0.9625101 0.09637141 0.9625101 0.1087593 0.9559959 0.1087593 0.9559959 0.09637141 0.9559959 0.1087593 0.9499429 0.1087593 0.9559959 0.06323277 0.9559959 0.08350628 0.9499429 0.08350628 0.9559959 0.04545366 0.9559959 0.06323277 0.9499429 0.06323277 0.9740213 0.4955226 0.9803643 0.4955226 0.9803643 0.512739 0.9873257 0.4955226 0.9873257 0.512739 0.9803643 0.512739 0.9740213 0.512739 0.9803643 0.512739 0.9803643 0.531151 0.9873257 0.512739 0.9873257 0.531151 0.9803643 0.531151 0.9681277 0.4805219 0.9740213 0.4805219 0.9740213 0.4955226 0.9740213 0.4805219 0.9803643 0.4805219 0.9803643 0.4955226 0.9873257 0.4805219 0.9873257 0.4955226 0.9803643 0.4955226 0.9946718 0.4805219 0.9946718 0.4955226 0.9873257 0.4955226 0.9946718 0.4955226 0.9946718 0.512739 0.9873257 0.512739 0.9946718 0.512739 0.9946718 0.531151 0.9873257 0.531151 0.9946718 0.5420265 0.9946718 0.5534836 0.9873257 0.5534836 0.9873257 0.5420265 0.9873257 0.5534836 0.9803643 0.5534836 0.9803643 0.5420265 0.9803643 0.5534836 0.9740213 0.5534836 0.9740213 0.5420265 0.9740213 0.5534836 0.9681277 0.5534836 0.9681277 0.512739 0.9740213 0.512739 0.9740213 0.531151 0.9681277 0.4955226 0.9740213 0.4955226 0.9740213 0.512739 0.9486128 0.4955226 0.9553964 0.4955226 0.9553964 0.512739 0.9553964 0.4955226 0.9619265 0.4955226 0.9619265 0.512739 0.9486128 0.512739 0.9553964 0.512739 0.9553964 0.531151 0.9553964 0.512739 0.9619265 0.512739 0.9619265 0.531151 0.940911 0.4805219 0.9486128 0.4805219 0.9486128 0.4955226 0.9486128 0.4805219 0.9553964 0.4805219 0.9553964 0.4955226 0.9553964 0.4805219 0.9619265 0.4805219 0.9619265 0.4955226 0.9619265 0.4805219 0.9681277 0.4805219 0.9681277 0.4955226 0.9619265 0.4955226 0.9681277 0.4955226 0.9681277 0.512739 0.9619265 0.512739 0.9681277 0.512739 0.9681277 0.531151 0.9681277 0.5420265 0.9681277 0.5534836 0.9619265 0.5534836 0.9619265 0.5420265 0.9619265 0.5534836 0.9553964 0.5534836 0.9553964 0.5420265 0.9553964 0.5534836 0.9486128 0.5534836 0.9486128 0.5420265 0.9486128 0.5534836 0.940911 0.5534836 0.940911 0.512739 0.9486128 0.512739 0.9486128 0.531151 0.940911 0.4955226 0.9486128 0.4955226 0.9486128 0.512739 0.9368677 0.3064792 0.9368677 0.2887975 0.9435742 0.2887975 0.9299009 0.3064792 0.9299009 0.2887975 0.9368677 0.2887975 0.9368677 0.2887975 0.9368677 0.2698882 0.9435742 0.2698882 0.9299009 0.2887975 0.9299009 0.2698882 0.9368677 0.2698882 0.9435742 0.3218852 0.9435742 0.3064792 0.949943 0.3064792 0.9368677 0.3218852 0.9368677 0.3064792 0.9435742 0.3064792 0.9299009 0.3218852 0.9299009 0.3064792 0.9368677 0.3064792 0.921991 0.3218852 0.921991 0.3064792 0.9299009 0.3064792 0.921991 0.3064792 0.921991 0.2887975 0.9299009 0.2887975 0.921991 0.2887975 0.921991 0.2698882 0.9299009 0.2698882 0.9299009 0.2587188 0.921991 0.2587188 0.921991 0.2469521 0.9368677 0.2587188 0.9299009 0.2587188 0.9299009 0.2469521 0.9435742 0.2587188 0.9368677 0.2587188 0.9368677 0.2469521 0.949943 0.2587188 0.9435742 0.2587188 0.9435742 0.2469521 0.9435742 0.2887975 0.9435742 0.2698882 0.949943 0.2698882 0.9435742 0.3064792 0.9435742 0.2887975 0.949943 0.2887975 0.9299008 0.04545366 0.9368676 0.04545366 0.9368676 0.06323277 0.9368676 0.04545366 0.9435741 0.04545366 0.9435741 0.06323277 0.9368676 0.06323277 0.9368676 0.08350628 0.9299008 0.08350628 0.9435741 0.06323277 0.9435741 0.08350628 0.9368676 0.08350628 0.9219909 0.03026717 0.9299008 0.03026717 0.9299008 0.04545366 0.9299008 0.03026717 0.9368676 0.03026717 0.9368676 0.04545366 0.9368676 0.03026717 0.9435741 0.03026717 0.9435741 0.04545366 0.9435741 0.03026717 0.9499429 0.03026717 0.9499429 0.04545366 0.9435741 0.04545366 0.9499429 0.04545366 0.9499429 0.06323277 0.9499429 0.06323277 0.9499429 0.08350628 0.9435741 0.08350628 0.9499429 0.09637141 0.9499429 0.1087593 0.9435741 0.1087593 0.9435741 0.09637141 0.9435741 0.1087593 0.9368676 0.1087593 0.9368676 0.09637141 0.9368676 0.1087593 0.9299008 0.1087593 0.9299008 0.09637141 0.9299008 0.1087593 0.9219909 0.1087593 0.9299008 0.06323277 0.9299008 0.08350628 0.9219909 0.08350628 0.9219909 0.04545366 0.9299008 0.04545366 0.9299008 0.06323277 0.9873257 0.7496811 0.9803643 0.7496811 0.9803643 0.7323698 0.9803643 0.7496811 0.9740213 0.7496811 0.9740213 0.7323698 0.9873257 0.7323698 0.9803643 0.7323698 0.9803643 0.7126296 0.9803643 0.7323698 0.9740213 0.7323698 0.9740213 0.7126296 0.9946718 0.764468 0.9873257 0.764468 0.9873257 0.7496811 0.9873257 0.764468 0.9803643 0.764468 0.9803643 0.7496811 0.9803643 0.764468 0.9740213 0.764468 0.9740213 0.7496811 0.9740213 0.764468 0.9681277 0.764468 0.9681277 0.7496811 0.9740213 0.7496811 0.9681277 0.7496811 0.9681277 0.7323698 0.9740213 0.7323698 0.9681277 0.7323698 0.9681277 0.7126296 0.9740213 0.700103 0.9681277 0.700103 0.9681277 0.688041 0.9803643 0.700103 0.9740213 0.700103 0.9740213 0.688041 0.9873257 0.700103 0.9803643 0.700103 0.9803643 0.688041 0.9946718 0.700103 0.9873257 0.700103 0.9873257 0.688041 0.9946718 0.7323698 0.9873257 0.7323698 0.9873257 0.7126296 0.9946718 0.7496811 0.9873257 0.7496811 0.9873257 0.7323698 0.9435741 0.1604816 0.9435742 0.1974022 0.9368677 0.1974022 0.9435742 0.1974022 0.9435741 0.1604816 0.9499429 0.1604816 0.9299009 0.1974022 0.9368677 0.1974022 0.9368677 0.2160775 0.9368677 0.1974022 0.9435742 0.1974022 0.9435742 0.2160775 0.9299008 0.1087593 0.9299008 0.1416369 0.9219909 0.1416369 0.9368676 0.1087593 0.9368676 0.1416369 0.9299008 0.1416369 0.9435741 0.1087593 0.9435741 0.1416369 0.9368676 0.1416369 0.9499429 0.1087593 0.9499429 0.1416369 0.9435741 0.1416369 0.9299008 0.1604816 0.9299009 0.1974022 0.921991 0.1974022 0.9435742 0.1974022 0.949943 0.1974022 0.949943 0.2160775 0.9435742 0.2160775 0.949943 0.2160775 0.949943 0.2469521 0.9368677 0.2160775 0.9435742 0.2160775 0.9435742 0.2469521 0.9299009 0.2160774 0.9368677 0.2160775 0.9368677 0.2469521 0.921991 0.2160774 0.9299009 0.2160774 0.9299009 0.2469521 0.921991 0.1974022 0.9299009 0.1974022 0.9299009 0.2160774 0.9553964 0.60173 0.9619265 0.60173 0.9619265 0.6376793 0.9486128 0.60173 0.9553964 0.60173 0.9553964 0.6376793 0.940911 0.60173 0.9486128 0.60173 0.9486128 0.6376793 0.9553964 0.60173 0.9553964 0.5835461 0.9619265 0.5835461 0.9486128 0.60173 0.9486128 0.5835461 0.9553964 0.5835461 0.9681277 0.688041 0.9619265 0.688041 0.9619265 0.6560284 0.9619265 0.688041 0.9553964 0.688041 0.9553964 0.6560284 0.9553964 0.688041 0.9486128 0.688041 0.9486128 0.6560284 0.9486128 0.688041 0.940911 0.688041 0.940911 0.6560284 0.9619265 0.60173 0.9681277 0.60173 0.9681277 0.6376793 0.940911 0.60173 0.940911 0.5835461 0.9486128 0.5835461 0.940911 0.5835461 0.940911 0.5534836 0.9486128 0.5534836 0.9486128 0.5835461 0.9486128 0.5534836 0.9553964 0.5534836 0.9553964 0.5835461 0.9553964 0.5534836 0.9619265 0.5534836 0.9619265 0.5835461 0.9619265 0.5534836 0.9681277 0.5534836 0.9619265 0.60173 0.9619265 0.5835461 0.9681277 0.5835461 0.9803643 0.60173 0.9873257 0.60173 0.9873257 0.6376793 0.9740213 0.60173 0.9803643 0.60173 0.9803643 0.6376793 0.9681277 0.60173 0.9740213 0.60173 0.9740213 0.6376793 0.9803643 0.60173 0.9803643 0.5835461 0.9873257 0.5835461 0.9740213 0.60173 0.9740213 0.5835461 0.9803643 0.5835461 0.9946718 0.688041 0.9873257 0.688041 0.9873257 0.6560284 0.9873257 0.688041 0.9803643 0.688041 0.9803643 0.6560284 0.9803643 0.688041 0.9740213 0.688041 0.9740213 0.6560284 0.9740213 0.688041 0.9681277 0.688041 0.9681277 0.6560284 0.9873257 0.60173 0.9946718 0.60173 0.9946718 0.6376793 0.9681277 0.60173 0.9681277 0.5835461 0.9740213 0.5835461 0.9681277 0.5835461 0.9681277 0.5534836 0.9740213 0.5534836 0.9740213 0.5835461 0.9740213 0.5534836 0.9803643 0.5534836 0.9803643 0.5835461 0.9803643 0.5534836 0.9873257 0.5534836 0.9873257 0.5835461 0.9873257 0.5534836 0.9946718 0.5534836 0.9873257 0.60173 0.9873257 0.5835461 0.9946718 0.5835461 0.9625101 0.1604816 0.9625102 0.1974022 0.955996 0.1974022 0.9696596 0.1604816 0.9696597 0.1974022 0.9625102 0.1974022 0.9772042 0.1604816 0.9772043 0.1974022 0.9696597 0.1974022 0.955996 0.1974022 0.9625102 0.1974022 0.9625102 0.2160775 0.9625102 0.1974022 0.9696597 0.1974022 0.9696597 0.2160775 0.9559959 0.1087593 0.9559959 0.1416369 0.9499429 0.1416369 0.9625101 0.1087593 0.9625101 0.1416369 0.9559959 0.1416369 0.9696596 0.1087593 0.9696596 0.1416369 0.9625101 0.1416369 0.9772042 0.1087593 0.9772042 0.1416369 0.9696596 0.1416369 0.9559959 0.1604816 0.955996 0.1974022 0.949943 0.1974022 0.9696597 0.1974022 0.9772043 0.1974022 0.9772043 0.2160775 0.9696597 0.2160775 0.9772043 0.2160775 0.9772043 0.2469521 0.9625102 0.2160775 0.9696597 0.2160775 0.9696597 0.2469521 0.955996 0.2160775 0.9625102 0.2160775 0.9625102 0.2469521 0.949943 0.2160775 0.955996 0.2160775 0.955996 0.2469521 0.949943 0.1974022 0.955996 0.1974022 0.955996 0.2160775 0.9120444 0.06323277 0.9006622 0.06323277 0.9006622 0.04545366 0.9120444 0.06323277 0.9120444 0.08350628 0.9006622 0.08350628 0.9201434 0.7496811 0.9201434 0.7323698 0.9312262 0.7323698 0.9201434 0.7126296 0.9312262 0.7126296 0.9312262 0.7323698 0.9219909 0.04545366 0.9120444 0.04545366 0.9120444 0.03026717 0.9219909 0.06323277 0.9120444 0.06323277 0.9120444 0.04545366 0.9219909 0.06323277 0.9219909 0.08350628 0.9120444 0.08350628 0.9219909 0.09637147 0.9219909 0.1087593 0.9120444 0.1087593 0.9120444 0.09637147 0.9120444 0.1087593 0.9006622 0.1087593 0.9201434 0.688041 0.9312262 0.688041 0.9312262 0.700103 0.9312262 0.688041 0.940911 0.688041 0.940911 0.700103 0.9312262 0.7126296 0.940911 0.7126296 0.940911 0.7323698 0.9312262 0.7496811 0.9312262 0.7323698 0.940911 0.7323698 0.9312262 0.764468 0.9312262 0.7496811 0.940911 0.7496811 0.9201434 0.764468 0.9201434 0.7496811 0.9312262 0.7496811 0.9120444 0.04545366 0.9006622 0.04545366 0.9006622 0.03026717 0.9368676 0.3481291 0.9368676 0.3407729 0.9435741 0.3407729 0.9299008 0.3481291 0.9299008 0.3407729 0.9368676 0.3407729 0.9368676 0.3407729 0.9368677 0.3330216 0.9435742 0.3330216 0.9299008 0.3407729 0.9299009 0.3330216 0.9368677 0.3330216 0.06900578 0.04056262 0.06524401 0.03370749 0.07391035 0.03070414 0.05729866 0.04117512 0.05652481 0.03421193 0.06524401 0.03370749 0.04880446 0.0393604 0.04921638 0.03221738 0.05652481 0.03421193 0.04110455 0.03406643 0.04345536 0.02672374 0.04921638 0.03221738 0.9219909 0.3481291 0.9219909 0.3407729 0.9299008 0.3407729 0.9219909 0.3407729 0.921991 0.3330216 0.9299009 0.3330216 0.921991 0.3330216 0.921991 0.3218852 0.9299009 0.3218852 0.9299009 0.3330216 0.9299009 0.3218852 0.9368677 0.3218852 0.9368677 0.3330216 0.9368677 0.3218852 0.9435742 0.3218852 0.9435742 0.3330216 0.9435742 0.3218852 0.949943 0.3218852 0.9435741 0.3407729 0.9435742 0.3330216 0.949943 0.3330216 0.9435741 0.3481291 0.9435741 0.3407729 0.9499429 0.3407729 0.9486128 0.4549684 0.9553964 0.4549684 0.9553964 0.462131 0.9553964 0.4549684 0.9619265 0.4549684 0.9619265 0.462131 0.9486128 0.462131 0.9553964 0.462131 0.9553964 0.4696785 0.9553964 0.462131 0.9619265 0.462131 0.9619265 0.4696785 0.6115722 0.03421682 0.6038753 0.03949934 0.6034701 0.03236222 0.6038753 0.03949934 0.5953862 0.04130494 0.5961661 0.03434771 0.5953862 0.04130494 0.5836872 0.04068249 0.5874533 0.03383469 0.5836872 0.04068249 0.5646675 0.03726905 0.5787939 0.03082406 0.9619265 0.4549684 0.9681277 0.4549684 0.9681277 0.462131 0.9619265 0.462131 0.9681277 0.462131 0.9681277 0.4696785 0.9619265 0.4696785 0.9681277 0.4696785 0.9681277 0.4805219 0.9553964 0.4696785 0.9619265 0.4696785 0.9619265 0.4805219 0.9486128 0.4696785 0.9553964 0.4696785 0.9553964 0.4805219 0.940911 0.4696785 0.9486128 0.4696785 0.9486128 0.4805219 0.940911 0.462131 0.9486128 0.462131 0.9486128 0.4696785 0.940911 0.4549684 0.9486128 0.4549684 0.9486128 0.462131 0.9740213 0.4549684 0.9803643 0.4549684 0.9803643 0.462131 0.9803643 0.4549684 0.9873257 0.4549684 0.9873257 0.462131 0.9740213 0.462131 0.9803643 0.462131 0.9803643 0.4696785 0.9873257 0.462131 0.9873257 0.4696785 0.9803643 0.4696785 0.5646675 0.03726905 0.5570698 0.02723354 0.5731781 0.02516382 0.5570698 0.02723354 0.5539525 0.01914358 0.5703524 0.01831877 0.5539525 0.01914358 0.5528287 0.01156014 0.5692612 0.0111683 0.5528287 0.01156014 0.5526373 0.004192829 0.56901 0.003916025 0.9873257 0.4549684 0.9946718 0.4549684 0.9946718 0.462131 0.9946718 0.462131 0.9946718 0.4696785 0.9873257 0.4696785 0.9946718 0.4696785 0.9946718 0.4805219 0.9873257 0.4805219 0.9873257 0.4696785 0.9873257 0.4805219 0.9803643 0.4805219 0.9803643 0.4696785 0.9803643 0.4805219 0.9740213 0.4805219 0.9681277 0.4696785 0.9740213 0.4696785 0.9740213 0.4805219 0.9681277 0.462131 0.9740213 0.462131 0.9740213 0.4696785 0.9681277 0.4549684 0.9740213 0.4549684 0.9740213 0.462131 0.9625101 0.3481291 0.9625101 0.3407729 0.9696596 0.3407729 0.9559959 0.3481291 0.9559959 0.3407729 0.9625101 0.3407729 0.9696596 0.3407729 0.9625101 0.3407729 0.9625102 0.3330216 0.9559959 0.3407729 0.955996 0.3330216 0.9625102 0.3330216 0.09989833 0.01145815 0.08346283 0.01105242 0.08372002 0.003799021 0.09876811 0.01904231 0.08236521 0.01820331 0.08346283 0.01105242 0.09564357 0.02713155 0.07953304 0.02504748 0.08236521 0.01820331 0.08803588 0.03716349 0.07391035 0.03070414 0.07953304 0.02504748 0.9499429 0.3481291 0.9499429 0.3407729 0.9559959 0.3407729 0.9499429 0.3407729 0.949943 0.3330216 0.955996 0.3330216 0.949943 0.3330216 0.949943 0.3218852 0.955996 0.3218852 0.9625102 0.3330216 0.955996 0.3330216 0.955996 0.3218852 0.9696597 0.3330216 0.9625102 0.3330216 0.9625102 0.3218852 0.9772043 0.3330216 0.9696597 0.3330216 0.9696597 0.3218852 0.9772042 0.3407729 0.9696596 0.3407729 0.9696597 0.3330216 0.9696596 0.3481291 0.9696596 0.3407729 0.9772042 0.3407729 0.9803643 0.791531 0.9803643 0.783753 0.9873257 0.783753 0.9740213 0.791531 0.9740213 0.783753 0.9803643 0.783753 0.9873257 0.783753 0.9803643 0.783753 0.9803643 0.7756071 0.9803643 0.783753 0.9740213 0.783753 0.9740213 0.7756071 0.4385888 0.01056861 0.422073 0.009709358 0.4225092 0.002472937 0.4373148 0.01815998 0.4208164 0.01682418 0.422073 0.009709358 0.4340525 0.0262559 0.4178496 0.02360194 0.4208164 0.01682418 0.4262827 0.03631645 0.4121227 0.02914404 0.4178496 0.02360194 0.9681277 0.791531 0.9681277 0.783753 0.9740213 0.783753 0.9681277 0.783753 0.9681277 0.7756071 0.9740213 0.7756071 0.9740213 0.7756071 0.9681277 0.7756071 0.9681277 0.764468 0.9803643 0.7756071 0.9740213 0.7756071 0.9740213 0.764468 0.9873257 0.7756071 0.9803643 0.7756071 0.9803643 0.764468 0.9946718 0.7756071 0.9873257 0.7756071 0.9873257 0.764468 0.9946718 0.783753 0.9873257 0.783753 0.9873257 0.7756071 0.9873257 0.791531 0.9873257 0.783753 0.9946718 0.783753 0.9299009 0.002473056 0.9368677 0.002473056 0.9368677 0.01046115 0.9368677 0.002473056 0.9435742 0.002472937 0.9435742 0.01046115 0.9299009 0.01046115 0.9368677 0.01046115 0.9368676 0.01882719 0.9368677 0.01046115 0.9435742 0.01046115 0.9435741 0.01882719 0.2744153 0.03326463 0.2660405 0.03796911 0.2654803 0.03032457 0.2660405 0.03796911 0.2575345 0.0398662 0.258089 0.03225392 0.2575345 0.0398662 0.2456794 0.03949242 0.2493378 0.03193986 0.2456794 0.03949242 0.2264435 0.03631687 0.2406099 0.02915608 0.9435742 0.002472937 0.949943 0.002472937 0.949943 0.01046115 0.9435742 0.01046115 0.949943 0.01046115 0.9499429 0.01882719 0.9499429 0.01882719 0.9499429 0.03026717 0.9435741 0.03026717 0.9368676 0.01882719 0.9435741 0.01882719 0.9435741 0.03026717 0.9299008 0.01882719 0.9368676 0.01882719 0.9368676 0.03026717 0.9219909 0.01882719 0.9299008 0.01882719 0.9299008 0.03026717 0.921991 0.01046115 0.9299009 0.01046115 0.9299008 0.01882719 0.921991 0.002473056 0.9299009 0.002473056 0.9299009 0.01046115 0.955996 0.002472937 0.9625102 0.002472937 0.9625102 0.01046115 0.9625102 0.002472937 0.9696597 0.002472937 0.9696597 0.01046115 0.9625102 0.01046115 0.9625101 0.01882719 0.9559959 0.01882719 0.9696597 0.01046115 0.9696596 0.01882719 0.9625101 0.01882719 0.2264435 0.03631687 0.2186809 0.02624928 0.2348875 0.02360868 0.2186809 0.02624928 0.2154247 0.01814973 0.2319262 0.01682752 0.2154247 0.01814973 0.2141567 0.01055645 0.2306753 0.009710729 0.2141567 0.01055645 0.2138113 0.003175973 0.2302451 0.002472937 0.9696597 0.002472937 0.9772043 0.002472937 0.9772043 0.01046115 0.9772043 0.01046115 0.9772042 0.01882719 0.9696596 0.01882719 0.9772042 0.01882719 0.9772042 0.03026717 0.9696596 0.03026717 0.9696596 0.01882719 0.9696596 0.03026717 0.9625101 0.03026717 0.9625101 0.01882719 0.9625101 0.03026717 0.9559959 0.03026717 0.9559959 0.01882719 0.9559959 0.03026717 0.9499429 0.03026717 0.949943 0.01046115 0.955996 0.01046115 0.9559959 0.01882719 0.949943 0.002472937 0.955996 0.002472937 0.955996 0.01046115 0.9553964 0.791531 0.9553964 0.783753 0.9619265 0.783753 0.9486128 0.791531 0.9486128 0.783753 0.9553964 0.783753 0.9553964 0.783753 0.9553964 0.7756071 0.9619265 0.7756071 0.9486128 0.783753 0.9486128 0.7756071 0.9553964 0.7756071 0.4070441 0.03947705 0.4033915 0.03192025 0.4121227 0.02914404 0.3951869 0.03984194 0.3946375 0.03222697 0.4033915 0.03192025 0.3866792 0.03793913 0.3872442 0.03029179 0.3946375 0.03222697 0.378303 0.03322833 0.3811718 0.025128 0.3872442 0.03029179 0.940911 0.791531 0.940911 0.783753 0.9486128 0.783753 0.940911 0.783753 0.940911 0.7756071 0.9486128 0.7756071 0.940911 0.7756071 0.940911 0.764468 0.9486128 0.764468 0.9486128 0.7756071 0.9486128 0.764468 0.9553964 0.764468 0.9553964 0.7756071 0.9553964 0.764468 0.9619265 0.764468 0.9681277 0.7756071 0.9619265 0.7756071 0.9619265 0.764468 0.9619265 0.783753 0.9619265 0.7756071 0.9681277 0.7756071 0.9619265 0.791531 0.9619265 0.783753 0.9681277 0.783753 0.3968134 0.04968953 0.3974381 0.07790315 0.3349207 0.08014887 0.3731732 0.03429496 0.3968134 0.04968953 0.3335303 0.05222755 0.2536047 0.2501239 0.2537057 0.2215584 0.3157625 0.2218577 0.6512584 0.6793723 0.6491144 0.6807889 0.6419138 0.6685678 0.6491144 0.6807889 0.6475739 0.6818062 0.6402714 0.6694194 0.6209588 0.006183505 0.6257734 0.006975889 0.6236431 0.02101534 0.02903306 0.02084064 0.02691286 0.006784379 0.03173321 0.005995512 0.03064125 0.03531002 0.02903306 0.02084064 0.03435641 0.02001357 0.6115722 0.03421682 0.61595 0.01920533 0.618326 0.02018439 0.61595 0.01920533 0.6189107 0.005761921 0.6209588 0.006183505 0.03673577 0.01903551 0.03435641 0.02001357 0.03173321 0.005995512 0.04110455 0.03406643 0.03672343 0.03477573 0.03435641 0.02001357 0.618326 0.02018439 0.6236431 0.02101534 0.6220238 0.03546828 0.949943 0.2698882 0.9435742 0.2698882 0.9435742 0.2587188 0.9435742 0.2698882 0.9368677 0.2698882 0.9368677 0.2587188 0.9368677 0.2698882 0.9299009 0.2698882 0.9299009 0.2587188 0.9299009 0.2698882 0.921991 0.2698882 0.921991 0.2587188 0.9486128 0.531151 0.9486128 0.5420265 0.940911 0.5420265 0.9553964 0.531151 0.9553964 0.5420265 0.9486128 0.5420265 0.9619265 0.531151 0.9619265 0.5420265 0.9553964 0.5420265 0.9681277 0.531151 0.9681277 0.5420265 0.9619265 0.5420265 0.9740213 0.531151 0.9740213 0.5420265 0.9681277 0.5420265 0.9803643 0.531151 0.9803643 0.5420265 0.9740213 0.5420265 0.9873257 0.531151 0.9873257 0.5420265 0.9803643 0.5420265 0.9946718 0.531151 0.9946718 0.5420265 0.9873257 0.5420265 0.9772043 0.2698882 0.9696597 0.2698882 0.9696597 0.2587188 0.9696597 0.2698882 0.9625102 0.2698882 0.9625102 0.2587188 0.9625102 0.2698882 0.955996 0.2698882 0.955996 0.2587188 0.955996 0.2698882 0.949943 0.2698882 0.949943 0.2587188 0.921991 0.2698882 0.9120445 0.2698882 0.9120445 0.2587188 0.9120445 0.2698882 0.9006623 0.2698883 0.9006623 0.2587189 0.9312262 0.531151 0.9312262 0.5420265 0.9201434 0.5420265 0.940911 0.531151 0.940911 0.5420265 0.9312262 0.5420265 0.9559959 0.1416369 0.9559959 0.1604816 0.9499429 0.1604816 0.9772042 0.1416369 0.9772042 0.1604816 0.9696596 0.1604816 0.9696596 0.1416369 0.9696596 0.1604816 0.9625101 0.1604816 0.9625101 0.1416369 0.9625101 0.1604816 0.9559959 0.1604816 0.9946718 0.6560284 0.9873257 0.6560284 0.9873257 0.6376793 0.9740213 0.6560284 0.9681277 0.6560284 0.9681277 0.6376793 0.9803643 0.6560284 0.9740213 0.6560284 0.9740213 0.6376793 0.9873257 0.6560284 0.9803643 0.6560284 0.9803643 0.6376793 0.9681277 0.6560284 0.9619265 0.6560284 0.9619265 0.6376793 0.9486128 0.6560284 0.940911 0.6560284 0.940911 0.6376793 0.9553964 0.6560284 0.9486128 0.6560284 0.9486128 0.6376793 0.9619265 0.6560284 0.9553964 0.6560284 0.9553964 0.6376793 0.9299008 0.1416369 0.9299008 0.1604816 0.9219909 0.1604816 0.9499429 0.1416369 0.9499429 0.1604816 0.9435741 0.1604816 0.9435741 0.1416369 0.9435741 0.1604816 0.9368676 0.1604816 0.9368676 0.1416369 0.9368676 0.1604816 0.9299008 0.1604816 0.940911 0.6560284 0.9312262 0.6560284 0.9312262 0.6376793 0.9219909 0.1416369 0.9219909 0.1604816 0.9120444 0.1604816 0.9120444 0.1416369 0.9120444 0.1604816 0.9006622 0.1604816 0.9312262 0.6560284 0.9201434 0.6560284 0.9201434 0.6376793 0.9312262 0.700103 0.940911 0.700103 0.940911 0.7126296 0.9201434 0.700103 0.9312262 0.700103 0.9312262 0.7126296 0.9120444 0.08350628 0.9120444 0.09637147 0.9006622 0.09637147 0.9219909 0.08350628 0.9219909 0.09637147 0.9120444 0.09637147 0.9946718 0.7126296 0.9873257 0.7126296 0.9873257 0.700103 0.9873257 0.7126296 0.9803643 0.7126296 0.9803643 0.700103 0.9803643 0.7126296 0.9740213 0.7126296 0.9740213 0.700103 0.9740213 0.7126296 0.9681277 0.7126296 0.9681277 0.700103 0.9299008 0.08350628 0.9299008 0.09637141 0.9219909 0.09637147 0.9368676 0.08350628 0.9368676 0.09637141 0.9299008 0.09637141 0.9435741 0.08350628 0.9435741 0.09637141 0.9368676 0.09637141 0.9499429 0.08350628 0.9499429 0.09637141 0.9435741 0.09637141 0.9559959 0.08350628 0.9559959 0.09637141 0.9499429 0.09637141 0.9625101 0.08350628 0.9625101 0.09637141 0.9559959 0.09637141 0.9696596 0.08350628 0.9696596 0.09637141 0.9625101 0.09637141 0.9772042 0.08350628 0.9772042 0.09637141 0.9696596 0.09637141 0.9681277 0.7126296 0.9619265 0.7126296 0.9619265 0.700103 0.9619265 0.7126296 0.9553964 0.7126296 0.9553964 0.700103 0.9553964 0.7126296 0.9486128 0.7126296 0.9486128 0.700103 0.9486128 0.7126296 0.940911 0.7126296 0.940911 0.700103 0.9201434 0.60173 0.9312262 0.60173 0.9312262 0.6376793 0.8613067 0.4889845 0.8377857 0.4732269 0.8386597 0.4715913</float_array>
          <technique_common>
            <accessor source="#cup_lp-mesh-map-0-array" count="6072" stride="2">
              <param name="S" type="float"/>
              <param name="T" type="float"/>
            </accessor>
          </technique_common>
        </source>
        <vertices id="cup_lp-mesh-vertices">
          <input semantic="POSITION" source="#cup_lp-mesh-positions"/>
        </vertices>
        <triangles material="cup-material" count="2024">
          <input semantic="VERTEX" source="#cup_lp-mesh-vertices" offset="0"/>
          <input semantic="NORMAL" source="#cup_lp-mesh-normals" offset="1"/>
          <input semantic="TEXCOORD" source="#cup_lp-mesh-map-0" offset="2" set="0"/>
          <p>551 0 0 654 1 1 655 2 2 653 3 3 143 4 4 156 5 5 350 6 6 351 7 7 349 8 8 352 9 9 101 10 10 351 7 11 388 11 12 352 9 13 350 6 14 389 12 15 100 13 16 352 9 17 393 14 18 375 15 19 374 16 20 366 17 21 362 18 22 363 19 23 417 20 24 403 21 25 402 22 26 398 23 27 101 10 28 98 24 29 351 7 30 397 25 31 349 8 32 354 26 33 356 27 34 353 28 35 355 29 36 357 30 37 354 26 38 356 27 39 360 31 40 359 32 41 357 30 42 361 33 43 360 31 44 106 34 45 353 28 46 105 35 47 107 36 48 354 26 49 106 34 50 3 37 51 355 29 52 107 36 53 91 38 54 358 39 55 355 29 56 358 39 57 93 40 58 361 33 59 361 33 60 2 41 61 104 42 62 360 31 63 104 42 64 103 43 65 359 32 66 103 43 67 102 44 68 364 45 69 366 17 70 363 19 71 79 46 72 367 47 73 364 45 74 379 48 75 363 19 76 378 49 77 379 48 78 79 46 79 364 45 80 608 50 81 369 51 82 368 52 83 372 53 84 368 52 85 369 51 86 377 54 87 363 19 88 362 18 89 589 55 90 80 56 91 77 57 92 589 55 93 366 17 94 367 47 95 370 58 96 372 53 97 369 51 98 95 59 99 370 58 100 94 60 101 609 61 102 370 58 103 369 51 104 97 62 105 370 58 106 610 63 107 388 11 108 348 64 109 387 65 110 378 49 111 374 16 112 375 15 113 373 66 114 3 37 115 107 36 116 372 53 117 107 36 118 106 34 119 371 67 120 106 34 121 105 35 122 376 68 123 378 49 124 375 15 125 82 69 126 376 68 127 81 70 128 395 71 129 375 15 130 394 72 131 84 73 132 376 68 133 395 71 134 606 74 135 399 75 136 400 76 137 383 77 138 380 78 139 381 79 140 67 80 141 382 81 142 68 82 143 681 83 144 240 84 145 680 85 146 622 86 147 732 87 148 218 88 149 380 78 150 629 89 151 381 79 152 48 90 153 623 91 154 636 92 155 817 93 156 645 94 157 226 95 158 41 96 159 616 97 160 38 98 161 382 81 162 622 86 163 620 99 164 385 100 165 387 65 166 384 101 167 118 102 168 467 103 169 119 104 170 51 105 171 48 90 172 149 106 173 389 12 174 385 100 175 386 107 176 70 108 177 386 107 178 69 109 179 406 110 180 386 107 181 385 100 182 72 111 183 386 107 184 407 112 185 412 113 186 390 114 187 411 115 188 394 72 189 390 114 190 391 116 191 395 71 192 391 116 193 392 117 194 84 73 195 392 117 196 83 118 197 412 113 198 392 117 199 391 116 200 413 119 201 83 118 202 392 117 203 397 25 204 347 120 205 349 8 206 400 76 207 396 121 208 397 25 209 398 23 210 400 76 211 397 25 212 99 122 213 398 23 214 98 24 215 403 21 216 405 123 217 402 22 218 406 110 219 384 101 220 405 123 221 96 124 222 401 125 223 99 122 224 401 125 225 606 74 226 400 76 227 407 112 228 403 21 229 404 126 230 72 111 231 404 126 232 71 127 233 419 128 234 403 21 235 418 129 236 419 128 237 71 127 238 404 126 239 424 130 240 408 131 241 423 132 242 409 133 243 411 115 244 408 131 245 413 119 246 409 133 247 410 134 248 86 135 249 410 134 250 85 136 251 424 130 252 410 134 253 409 133 254 88 137 255 410 134 256 425 138 257 430 139 258 414 140 259 429 141 260 418 129 261 414 140 262 415 142 263 419 128 264 415 142 265 416 143 266 74 144 267 416 143 268 73 145 269 430 139 270 416 143 271 415 142 272 431 146 273 73 145 274 416 143 275 581 147 276 421 148 277 420 149 278 421 148 279 423 132 280 420 149 281 425 138 282 421 148 283 422 150 284 87 151 285 425 138 286 422 150 287 421 148 288 585 152 289 422 150 290 422 150 291 90 153 292 87 151 293 70 108 294 432 154 295 100 13 296 427 155 297 429 141 298 426 156 299 431 146 300 427 155 301 428 157 302 76 158 303 428 157 304 75 159 305 119 104 306 466 160 307 116 161 308 590 162 309 427 155 310 426 156 311 592 163 312 427 155 313 591 164 314 140 165 315 432 154 316 139 166 317 108 167 318 435 168 319 434 169 320 69 109 321 437 170 322 434 169 323 101 10 324 432 154 325 433 171 326 475 172 327 484 173 328 482 174 329 137 175 330 433 171 331 140 165 332 109 176 333 432 154 334 435 168 335 111 177 336 436 178 337 110 179 338 71 127 339 439 180 340 436 178 341 70 108 342 434 169 343 435 168 344 111 177 345 434 169 346 437 170 347 113 181 348 438 182 349 112 183 350 73 145 351 441 184 352 438 182 353 72 111 354 436 178 355 437 170 356 110 179 357 439 180 358 113 181 359 115 185 360 440 186 361 114 187 362 78 188 363 440 186 364 75 159 365 74 144 366 438 182 367 439 180 368 115 185 369 438 182 370 441 184 371 116 161 372 443 189 373 442 190 374 80 56 375 442 190 376 77 57 377 76 158 378 440 186 379 441 184 380 114 187 381 443 189 382 117 191 383 118 102 384 445 192 385 444 193 386 82 69 387 444 193 388 79 46 389 443 189 390 77 57 391 442 190 392 119 104 393 442 190 394 445 192 395 121 194 396 446 195 397 120 196 398 81 70 399 449 197 400 446 195 401 445 192 402 79 46 403 444 193 404 118 102 405 447 198 406 121 194 407 123 199 408 448 200 409 122 201 410 86 135 411 448 200 412 83 118 413 447 198 414 81 70 415 446 195 416 120 196 417 449 197 418 123 199 419 124 202 420 451 203 421 450 204 422 85 136 423 453 205 424 450 204 425 84 73 426 448 200 427 449 197 428 125 206 429 448 200 430 451 203 431 127 207 432 452 208 433 126 209 434 87 151 435 455 210 436 452 208 437 86 135 438 450 204 439 451 203 440 127 207 441 450 204 442 453 205 443 129 211 444 454 212 445 128 213 446 97 62 447 459 214 448 94 60 449 453 205 450 87 151 451 452 208 452 126 209 453 455 210 454 129 211 455 133 215 456 460 216 457 459 214 458 0 217 459 454 212 460 141 218 461 455 210 462 89 219 463 454 212 464 89 219 465 141 218 466 454 212 467 92 220 468 456 221 469 457 222 470 1 223 471 456 221 472 142 224 473 130 225 474 457 222 475 456 221 476 132 226 477 457 222 478 131 227 479 0 217 480 458 228 481 132 226 482 93 40 483 141 218 484 2 41 485 458 228 486 92 220 487 457 222 488 91 38 489 142 224 490 456 221 491 135 229 492 462 230 493 461 231 494 99 122 495 461 231 496 96 124 497 95 59 498 459 214 499 460 216 500 1 223 501 460 216 502 134 232 503 95 59 504 142 224 505 3 37 506 136 233 507 459 214 508 462 230 509 138 234 510 463 235 511 137 175 512 98 24 513 433 171 514 463 235 515 462 230 516 96 124 517 461 231 518 135 229 519 464 236 520 138 234 521 116 161 522 465 237 523 117 191 524 464 236 525 98 24 526 463 235 527 501 238 528 465 237 529 508 239 530 508 239 531 466 160 532 507 240 533 507 240 534 467 103 535 514 241 536 121 194 537 468 242 538 118 102 539 657 243 540 129 211 541 128 213 542 469 244 543 140 165 544 139 166 545 674 245 546 513 246 547 468 242 548 136 233 549 677 247 550 133 215 551 491 248 552 150 249 553 492 250 554 676 251 555 146 252 556 155 253 557 133 215 558 676 251 559 134 232 560 675 254 561 121 194 562 120 196 563 672 255 564 477 256 565 469 244 566 120 196 567 670 257 568 675 254 569 110 179 570 662 258 571 667 259 572 478 260 573 669 261 574 470 262 575 135 229 576 471 263 577 136 233 578 124 202 579 664 264 580 125 206 581 677 247 582 565 265 583 558 266 584 473 267 585 476 268 586 475 172 587 571 269 588 472 270 589 668 271 590 108 167 591 666 272 592 673 273 593 109 176 594 469 244 595 139 166 596 478 260 597 469 244 598 477 256 599 108 167 600 672 255 601 109 176 602 138 234 603 472 270 604 135 229 605 671 274 606 123 199 607 122 201 608 669 261 609 138 234 610 137 175 611 125 206 612 671 274 613 122 201 614 667 259 615 111 177 616 110 179 617 137 175 618 470 262 619 669 261 620 472 270 621 565 265 622 471 263 623 124 202 624 660 275 625 665 276 626 663 277 627 113 181 628 112 183 629 115 185 630 663 277 631 112 183 632 661 278 633 127 207 634 126 209 635 126 209 636 656 279 637 661 278 638 659 280 639 115 185 640 114 187 641 114 187 642 465 237 643 659 280 644 476 268 645 477 256 646 475 172 647 479 281 648 482 174 649 481 282 650 150 249 651 503 283 652 510 284 653 566 285 654 476 268 655 474 286 656 480 287 657 475 172 658 482 174 659 481 282 660 490 288 661 488 289 662 481 282 663 484 173 664 483 290 665 485 291 666 488 289 667 487 292 668 479 281 669 488 289 670 486 293 671 487 292 672 496 294 673 494 295 674 488 289 675 489 296 676 487 292 677 492 250 678 493 297 679 491 248 680 492 250 681 487 292 682 494 295 683 493 297 684 502 298 685 500 299 686 494 295 687 495 300 688 493 297 689 497 301 690 500 299 691 499 302 692 149 106 693 52 303 694 53 304 695 498 305 696 493 297 697 500 299 698 506 306 699 501 238 700 508 239 701 500 299 702 501 238 703 499 302 704 503 283 705 506 306 706 505 307 707 497 301 708 506 306 709 504 308 710 512 309 711 507 240 712 514 241 713 505 307 714 508 239 715 507 240 716 510 284 717 511 310 718 509 311 719 503 283 720 512 309 721 510 284 722 518 312 723 513 246 724 520 313 725 511 310 726 514 241 727 513 246 728 516 314 729 517 315 730 515 316 731 516 314 732 511 310 733 518 312 734 524 317 735 519 318 736 526 319 737 518 312 738 519 318 739 517 315 740 522 320 741 523 321 742 521 322 743 515 316 744 524 317 745 522 320 746 530 323 747 525 324 748 532 325 749 523 321 750 526 319 751 525 324 752 527 326 753 530 323 754 529 327 755 528 328 756 523 321 757 530 323 758 529 327 759 538 329 760 536 330 761 529 327 762 532 325 763 531 331 764 533 332 765 536 330 766 535 333 767 534 334 768 529 327 769 536 330 770 535 333 771 544 335 772 542 336 773 536 330 774 537 337 775 535 333 776 540 338 777 541 339 778 539 340 779 540 338 780 535 333 781 542 336 782 563 341 783 558 266 784 565 265 785 542 336 786 543 342 787 541 339 788 554 343 789 557 344 790 556 345 791 144 346 792 543 342 793 143 4 794 145 347 795 541 339 796 144 346 797 545 348 798 549 349 799 548 350 800 547 351 801 549 349 802 546 352 803 548 350 804 552 353 805 551 0 806 550 354 807 552 353 808 549 349 809 145 347 810 550 354 811 547 351 812 144 346 813 553 355 814 550 354 815 147 356 816 551 0 817 146 252 818 148 357 819 548 350 820 147 356 821 556 345 822 559 358 823 558 266 824 561 359 825 562 360 826 560 361 827 149 106 828 40 362 829 41 96 830 148 357 831 557 344 832 555 363 833 147 356 834 559 358 835 557 344 836 554 343 837 563 341 838 561 359 839 569 364 840 564 365 841 571 269 842 562 360 843 565 265 844 564 365 845 567 366 846 568 367 847 566 285 848 560 361 849 569 364 850 567 366 851 568 367 852 478 260 853 476 268 854 569 364 855 570 368 856 568 367 857 149 106 858 36 369 859 37 370 860 573 371 861 575 372 862 572 373 863 574 374 864 576 375 865 573 371 866 575 372 867 579 376 868 578 377 869 576 375 870 580 378 871 579 376 872 289 379 873 200 380 874 11 381 875 290 382 876 572 373 877 289 379 878 291 383 879 573 371 880 290 382 881 28 384 882 574 374 883 291 383 884 307 385 885 577 386 886 574 374 887 577 386 888 309 387 889 580 378 890 580 378 891 26 388 892 285 389 893 579 376 894 285 389 895 284 390 896 578 377 897 284 390 898 283 391 899 198 392 900 283 391 901 14 393 902 199 394 903 578 377 904 198 392 905 572 373 906 199 394 907 200 380 908 145 347 909 150 249 910 539 340 911 150 249 912 527 326 913 534 334 914 497 301 915 504 308 916 150 249 917 50 395 918 149 106 919 53 304 920 44 396 921 643 397 922 679 398 923 473 267 924 150 249 925 474 286 926 503 283 927 150 249 928 504 308 929 678 399 930 681 83 931 680 85 932 150 249 933 521 322 934 528 328 935 509 311 936 150 249 937 510 284 938 55 400 939 52 303 940 149 106 941 149 106 942 54 401 943 55 400 944 149 106 945 4 402 946 56 403 947 60 404 948 149 106 949 59 405 950 59 405 951 149 106 952 58 406 953 60 404 954 4 402 955 149 106 956 149 106 957 5 407 958 58 406 959 521 322 960 150 249 961 522 320 962 62 408 963 5 407 964 149 106 965 150 249 966 533 332 967 540 338 968 527 326 969 150 249 970 528 328 971 63 409 972 64 410 973 149 106 974 37 370 975 67 80 976 149 106 977 150 249 978 473 267 979 480 287 980 533 332 981 150 249 982 534 334 983 68 82 984 65 411 985 149 106 986 38 98 987 149 106 988 41 96 989 45 412 990 42 413 991 149 106 992 36 369 993 149 106 994 39 414 995 560 361 996 150 249 997 561 359 998 560 361 999 567 366 1000 150 249 1001 150 249 1002 554 343 1003 561 359 1004 566 285 1005 150 249 1006 567 366 1007 582 415 1008 583 416 1009 581 147 1010 43 417 1011 40 362 1012 149 106 1013 67 80 1014 68 82 1015 149 106 1016 50 395 1017 51 105 1018 149 106 1019 149 106 1020 42 413 1021 43 417 1022 474 286 1023 150 249 1024 566 285 1025 149 106 1026 44 396 1027 45 412 1028 47 418 1029 44 396 1030 149 106 1031 149 106 1032 46 419 1033 47 418 1034 714 420 1035 393 14 1036 374 16 1037 584 421 1038 585 152 1039 583 416 1040 585 152 1041 89 219 1042 90 153 1043 921 422 1044 426 156 1045 923 423 1046 414 140 1047 725 424 1048 724 425 1049 582 415 1050 103 43 1051 584 421 1052 584 421 1053 104 42 1054 586 426 1055 586 426 1056 2 41 1057 89 219 1058 588 427 1059 590 162 1060 587 428 1061 589 55 1062 591 164 1063 588 427 1064 77 57 1065 592 163 1066 589 55 1067 593 429 1068 596 430 1069 595 431 1070 42 413 1071 593 429 1072 43 417 1073 731 432 1074 629 89 1075 737 433 1076 593 429 1077 604 434 1078 602 435 1079 597 436 1080 600 437 1081 599 438 1082 366 17 1083 587 428 1084 365 439 1085 45 412 1086 594 440 1087 42 413 1088 347 120 1089 208 441 1090 716 442 1091 685 443 1092 595 431 1093 596 430 1094 57 444 1095 598 445 1096 54 401 1097 54 401 1098 597 436 1099 55 400 1100 685 443 1101 680 85 1102 240 84 1103 612 446 1104 599 438 1105 614 447 1106 601 448 1107 604 434 1108 603 449 1109 598 445 1110 919 450 1111 600 437 1112 78 188 1113 428 157 1114 592 163 1115 731 432 1116 716 442 1117 732 87 1118 646 451 1119 226 95 1120 645 94 1121 40 362 1122 593 429 1123 602 435 1124 40 362 1125 601 448 1126 41 96 1127 616 97 1128 603 449 1129 618 452 1130 609 61 1131 605 453 1132 606 74 1133 729 454 1134 599 438 1135 216 455 1136 217 456 1137 603 449 1138 604 434 1139 55 400 1140 612 446 1141 52 303 1142 607 457 1143 609 61 1144 606 74 1145 96 124 1146 610 63 1147 607 457 1148 612 446 1149 613 458 1150 611 459 1151 52 303 1152 611 459 1153 53 304 1154 624 460 1155 613 458 1156 626 461 1157 615 462 1158 618 452 1159 617 463 1160 214 464 1161 604 434 1162 595 431 1163 729 454 1164 613 458 1165 614 447 1166 65 411 1167 382 81 1168 620 99 1169 38 98 1170 615 462 1171 39 414 1172 628 465 1173 617 463 1174 630 466 1175 619 467 1176 622 86 1177 621 468 1178 728 469 1179 618 452 1180 603 449 1181 733 470 1182 617 463 1183 618 452 1184 53 304 1185 624 460 1186 50 395 1187 620 99 1188 66 471 1189 65 411 1190 619 467 1191 634 472 1192 632 473 1193 624 460 1194 625 474 1195 623 91 1196 736 475 1197 617 463 1198 734 476 1199 622 86 1200 219 477 1201 621 468 1202 39 414 1203 628 465 1204 36 369 1205 624 460 1206 51 105 1207 50 395 1208 623 91 1209 638 478 1210 636 92 1211 628 465 1212 629 89 1213 627 479 1214 220 480 1215 613 458 1216 730 481 1217 220 480 1218 625 474 1219 626 461 1220 63 409 1221 619 467 1222 632 473 1223 36 369 1224 627 479 1225 37 370 1226 632 473 1227 633 482 1228 631 483 1229 736 475 1230 629 89 1231 630 466 1232 632 473 1233 64 410 1234 63 409 1235 631 483 1236 642 484 1237 640 485 1238 635 486 1239 638 478 1240 637 487 1241 219 477 1242 634 472 1243 621 468 1244 634 472 1245 739 488 1246 633 482 1247 37 370 1248 380 78 1249 67 80 1250 636 92 1251 49 489 1252 48 90 1253 635 486 1254 646 451 1255 644 490 1256 639 491 1257 642 484 1258 641 492 1259 225 493 1260 633 482 1261 739 488 1262 726 494 1263 242 495 1264 213 496 1265 61 497 1266 631 483 1267 640 485 1268 640 485 1269 62 408 1270 61 497 1271 5 407 1272 639 491 1273 153 498 1274 644 490 1275 645 94 1276 643 397 1277 244 499 1278 641 492 1279 221 500 1280 215 501 1281 599 438 1282 600 437 1283 153 498 1284 641 492 1285 154 502 1286 644 490 1287 47 418 1288 46 419 1289 643 397 1290 681 83 1291 679 398 1292 362 18 1293 931 503 1294 695 504 1295 741 505 1296 646 451 1297 637 487 1298 683 506 1299 650 507 1300 651 508 1301 46 419 1302 635 486 1303 644 490 1304 647 509 1305 651 508 1306 650 507 1307 649 510 1308 651 508 1309 648 511 1310 652 512 1311 683 506 1312 651 508 1313 154 502 1314 682 513 1315 652 512 1316 4 402 1317 647 509 1318 151 514 1319 60 404 1320 648 511 1321 647 509 1322 58 406 1323 648 511 1324 59 405 1325 5 407 1326 649 510 1327 58 406 1328 153 498 1329 652 512 1330 649 510 1331 684 515 1332 152 516 1333 650 507 1334 581 147 1335 212 517 1336 582 415 1337 151 514 1338 650 507 1339 152 516 1340 226 95 1341 922 518 1342 817 93 1343 727 519 1344 685 443 1345 923 423 1346 587 428 1347 931 503 1348 365 439 1349 921 422 1350 817 93 1351 922 518 1352 731 432 1353 206 520 1354 209 521 1355 600 437 1356 242 495 1357 215 501 1358 930 522 1359 738 523 1360 717 524 1361 715 525 1362 227 526 1363 741 505 1364 228 527 1365 202 528 1366 229 529 1367 229 529 1368 201 530 1369 230 531 1370 241 532 1371 243 533 1372 16 534 1373 723 535 1374 411 115 1375 210 536 1376 740 537 1377 625 474 1378 735 538 1379 468 242 1380 514 241 1381 467 103 1382 420 149 1383 213 496 1384 581 147 1385 429 141 1386 724 425 1387 727 519 1388 402 22 1389 722 539 1390 721 540 1391 204 541 1392 608 50 1393 368 52 1394 715 525 1395 362 18 1396 695 504 1397 396 121 1398 720 542 1399 208 441 1400 721 540 1401 417 20 1402 402 22 1403 390 114 1404 718 543 1405 719 544 1406 390 114 1407 210 536 1408 411 115 1409 207 545 1410 387 65 1411 206 520 1412 348 64 1413 349 8 1414 347 120 1415 723 535 1416 423 132 1417 408 131 1418 717 524 1419 608 50 1420 930 522 1421 605 453 1422 720 542 1423 399 75 1424 374 16 1425 715 525 1426 714 420 1427 208 441 1428 732 87 1429 716 442 1430 928 546 1431 359 32 1432 927 547 1433 207 545 1434 405 123 1435 384 101 1436 426 156 1437 727 519 1438 923 423 1439 353 28 1440 928 546 1441 929 548 1442 105 35 1443 929 548 1444 346 549 1445 927 547 1446 102 44 1447 344 550 1448 348 64 1449 206 520 1450 387 65 1451 922 518 1452 590 162 1453 921 422 1454 18 551 1455 203 552 1456 228 527 1457 230 531 1458 12 553 1459 17 554 1460 194 555 1461 232 556 1462 231 557 1463 193 558 1464 233 559 1465 232 556 1466 371 67 1467 346 549 1468 205 560 1469 348 64 1470 716 442 1471 209 521 1472 420 149 1473 211 561 1474 726 494 1475 12 553 1476 231 557 1477 17 554 1478 15 562 1479 192 563 1480 10 564 1481 368 52 1482 205 560 1483 204 541 1484 226 95 1485 695 504 1486 931 503 1487 654 1 1488 553 355 1489 653 3 1490 132 226 1491 156 5 1492 0 217 1493 131 227 1494 653 3 1495 132 226 1496 131 227 1497 655 2 1498 654 1 1499 130 225 1500 155 253 1501 655 2 1502 146 252 1503 655 2 1504 155 253 1505 661 278 1506 544 335 1507 537 337 1508 544 335 1509 657 243 1510 543 342 1511 128 213 1512 156 5 1513 657 243 1514 143 4 1515 657 243 1516 156 5 1517 663 277 1518 502 298 1519 495 300 1520 502 298 1521 659 280 1522 501 238 1523 665 276 1524 538 329 1525 531 331 1526 537 337 1527 660 275 1528 661 278 1529 489 296 1530 662 258 1531 496 294 1532 496 294 1533 663 277 1534 495 300 1535 525 324 1536 664 264 1537 532 325 1538 532 325 1539 665 276 1540 531 331 1541 673 273 1542 490 288 1543 483 290 1544 489 296 1545 666 272 1546 667 259 1547 570 368 1548 668 271 1549 669 261 1550 675 254 1551 526 319 1552 519 318 1553 526 319 1554 671 274 1555 525 324 1556 484 173 1557 673 273 1558 483 290 1559 519 318 1560 674 245 1561 675 254 1562 134 232 1563 155 253 1564 1 223 1565 559 358 1566 677 247 1567 558 266 1568 150 249 1569 491 248 1570 498 305 1571 485 291 1572 492 250 1573 150 249 1574 485 291 1575 150 249 1576 486 293 1577 479 281 1578 150 249 1579 480 287 1580 479 281 1581 486 293 1582 150 249 1583 554 343 1584 150 249 1585 555 363 1586 539 340 1587 150 249 1588 540 338 1589 150 249 1590 148 357 1591 555 363 1592 546 352 1593 150 249 1594 547 351 1595 149 106 1596 48 90 1597 49 489 1598 63 409 1599 149 106 1600 66 471 1601 545 348 1602 150 249 1603 546 352 1604 148 357 1605 150 249 1606 545 348 1607 150 249 1608 145 347 1609 547 351 1610 149 106 1611 65 411 1612 66 471 1613 149 106 1614 38 98 1615 39 414 1616 64 410 1617 61 497 1618 149 106 1619 49 489 1620 46 419 1621 149 106 1622 57 444 1623 54 401 1624 149 106 1625 149 106 1626 61 497 1627 62 408 1628 150 249 1629 515 316 1630 522 320 1631 515 316 1632 150 249 1633 516 314 1634 509 311 1635 516 314 1636 150 249 1637 149 106 1638 56 403 1639 57 444 1640 497 301 1641 150 249 1642 498 305 1643 679 398 1644 45 412 1645 44 396 1646 718 543 1647 220 480 1648 719 544 1649 56 403 1650 917 565 1651 57 444 1652 10 564 1653 241 532 1654 15 562 1655 240 84 1656 923 423 1657 685 443 1658 715 525 1659 740 537 1660 714 420 1661 213 496 1662 241 532 1663 212 517 1664 739 488 1665 204 541 1666 225 493 1667 642 484 1668 221 500 1669 641 492 1670 718 543 1671 740 537 1672 735 538 1673 221 500 1674 13 566 1675 18 551 1676 206 520 1677 736 475 1678 207 545 1679 720 542 1680 738 523 1681 219 477 1682 720 542 1683 218 88 1684 208 441 1685 722 539 1686 736 475 1687 734 476 1688 724 425 1689 728 469 1690 217 456 1691 210 536 1692 220 480 1693 730 481 1694 918 567 1695 919 450 1696 917 565 1697 725 424 1698 733 470 1699 728 469 1700 722 539 1701 733 470 1702 721 540 1703 210 536 1704 729 454 1705 723 535 1706 211 561 1707 729 454 1708 216 455 1709 211 561 1710 215 501 1711 726 494 1712 217 456 1713 727 519 1714 724 425 1715 204 541 1716 221 500 1717 225 493 1718 638 478 1719 741 505 1720 637 487 1721 19 568 1722 682 513 1723 244 499 1724 239 569 1725 683 506 1726 682 513 1727 683 506 1728 237 570 1729 684 515 1730 684 515 1731 16 534 1732 243 533 1733 687 571 1734 689 572 1735 686 573 1736 687 571 1737 691 574 1738 690 575 1739 690 575 1740 692 576 1741 689 572 1742 690 575 1743 694 577 1744 693 578 1745 309 387 1746 157 579 1747 26 388 1748 308 580 1749 686 573 1750 309 387 1751 308 580 1752 688 581 1753 687 571 1754 307 385 1755 166 582 1756 688 581 1757 688 581 1758 167 583 1759 691 574 1760 691 574 1761 168 584 1762 694 577 1763 933 585 1764 171 586 1765 937 587 1766 937 587 1767 170 588 1768 938 589 1769 939 590 1770 170 588 1771 169 591 1772 932 592 1773 169 591 1774 8 593 1775 689 572 1776 159 594 1777 158 595 1778 686 573 1779 158 595 1780 157 579 1781 244 499 1782 221 500 1783 19 568 1784 696 596 1785 700 597 1786 699 598 1787 698 599 1788 700 597 1789 697 600 1790 699 598 1791 703 601 1792 702 602 1793 701 603 1794 703 601 1795 700 597 1796 29 604 1797 696 596 1798 294 605 1799 312 606 1800 697 600 1801 696 596 1802 310 607 1803 697 600 1804 311 608 1805 30 609 1806 698 599 1807 310 607 1808 250 610 1809 701 603 1810 698 599 1811 251 611 1812 704 612 1813 701 603 1814 940 613 1815 22 614 1816 264 615 1817 941 616 1818 264 615 1819 263 617 1820 942 618 1821 263 617 1822 262 619 1823 936 620 1824 262 619 1825 25 621 1826 293 622 1827 702 602 1828 292 623 1829 294 605 1830 699 598 1831 293 622 1832 706 624 1833 708 625 1834 705 626 1835 707 627 1836 709 628 1837 706 624 1838 708 625 1839 712 629 1840 711 630 1841 709 628 1842 713 631 1843 712 629 1844 342 632 1845 318 633 1846 32 634 1847 341 635 1848 705 626 1849 342 632 1850 340 636 1851 706 624 1852 341 635 1853 31 637 1854 707 627 1855 340 636 1856 163 638 1857 710 639 1858 707 627 1859 710 639 1860 165 640 1861 713 631 1862 997 641 1863 6 642 1864 274 643 1865 998 644 1866 274 643 1867 275 645 1868 999 646 1869 275 645 1870 276 647 1871 994 648 1872 276 647 1873 21 649 1874 317 650 1875 711 630 1876 316 651 1877 705 626 1878 317 650 1879 318 633 1880 205 560 1881 14 393 1882 197 652 1883 205 560 1884 197 652 1885 196 653 1886 205 560 1887 196 653 1888 195 654 1889 205 560 1890 195 654 1891 13 566 1892 15 562 1893 241 532 1894 234 655 1895 236 656 1896 241 532 1897 16 534 1898 235 657 1899 241 532 1900 236 656 1901 234 655 1902 241 532 1903 235 657 1904 221 500 1905 18 551 1906 222 658 1907 221 500 1908 222 658 1909 223 659 1910 221 500 1911 223 659 1912 224 660 1913 221 500 1914 224 660 1915 19 568 1916 979 661 1917 958 662 1918 978 663 1919 972 664 1920 959 665 1921 979 661 1922 958 662 1923 745 666 1924 957 667 1925 958 662 1926 747 668 1927 746 669 1928 6 642 1929 742 670 1930 248 671 1931 172 672 1932 743 673 1933 742 670 1934 174 674 1935 743 673 1936 173 675 1937 7 676 1938 744 677 1939 174 674 1940 957 667 1941 973 678 1942 977 679 1943 959 665 1944 176 680 1945 747 668 1946 747 668 1947 8 593 1948 169 591 1949 746 669 1950 169 591 1951 170 588 1952 746 669 1953 171 586 1954 745 666 1955 745 666 1956 9 681 1957 249 682 1958 957 667 1959 249 682 1960 953 683 1961 981 684 1962 960 685 1963 980 686 1964 749 687 1965 751 688 1966 748 689 1967 749 687 1968 753 690 1969 752 691 1970 752 691 1971 754 692 1972 751 688 1973 752 691 1974 756 693 1975 755 694 1976 237 570 1977 313 695 1978 16 534 1979 238 696 1980 748 689 1981 237 570 1982 238 696 1983 750 697 1984 749 687 1985 239 569 1986 185 698 1987 750 697 1988 750 697 1989 184 699 1990 753 690 1991 753 690 1992 183 700 1993 756 693 1994 756 693 1995 33 701 1996 334 702 1997 755 694 1998 334 702 1999 335 703 2000 755 694 2001 336 704 2002 754 692 2003 754 692 2004 31 637 2005 315 705 2006 751 688 2007 315 705 2008 314 706 2009 748 689 2010 314 706 2011 313 695 2012 344 550 2013 582 415 2014 212 517 2015 758 707 2016 760 708 2017 757 709 2018 759 710 2019 761 711 2020 758 707 2021 761 711 2022 763 712 2023 760 708 2024 762 713 2025 764 714 2026 761 711 2027 339 715 2028 324 716 2029 34 717 2030 338 718 2031 757 709 2032 339 715 2033 337 719 2034 758 707 2035 338 718 2036 35 720 2037 759 710 2038 337 719 2039 245 721 2040 762 713 2041 759 710 2042 246 722 2043 765 723 2044 762 713 2045 993 724 2046 268 725 2047 1000 726 2048 1000 726 2049 269 727 2050 1001 728 2051 1001 728 2052 270 729 2053 1002 730 2054 1002 730 2055 23 731 2056 996 732 2057 760 708 2058 322 733 2059 323 734 2060 757 709 2061 323 734 2062 324 716 2063 766 735 2064 770 736 2065 769 737 2066 768 738 2067 770 736 2068 767 739 2069 769 737 2070 773 740 2071 772 741 2072 771 742 2073 773 740 2074 770 736 2075 27 743 2076 766 735 2077 288 744 2078 306 745 2079 767 739 2080 766 735 2081 304 746 2082 767 739 2083 305 747 2084 29 604 2085 768 738 2086 304 746 2087 294 605 2088 771 742 2089 768 738 2090 293 622 2091 774 748 2092 771 742 2093 936 620 2094 273 749 2095 943 750 2096 943 750 2097 272 751 2098 944 752 2099 944 752 2100 271 753 2101 945 754 2102 945 754 2103 24 755 2104 935 756 2105 287 757 2106 772 741 2107 286 758 2108 288 744 2109 769 737 2110 287 757 2111 11 381 2112 212 517 2113 188 759 2114 186 760 2115 212 517 2116 10 564 2117 187 761 2118 212 517 2119 186 760 2120 188 759 2121 212 517 2122 187 761 2123 775 762 2124 779 763 2125 778 764 2126 776 765 2127 780 766 2128 779 763 2129 778 764 2130 782 767 2131 781 768 2132 779 763 2133 783 769 2134 782 767 2135 28 384 2136 775 762 2137 166 582 2138 303 770 2139 776 765 2140 775 762 2141 302 771 2142 777 772 2143 776 765 2144 301 773 2145 288 744 2146 777 772 2147 777 772 2148 287 757 2149 780 766 2150 780 766 2151 286 758 2152 783 769 2153 935 756 2154 282 774 2155 946 775 2156 946 775 2157 281 776 2158 947 777 2159 947 777 2160 280 778 2161 948 779 2162 948 779 2163 9 681 2164 933 585 2165 167 583 2166 781 768 2167 168 584 2168 166 582 2169 778 764 2170 167 583 2171 785 780 2172 787 781 2173 784 782 2174 786 783 2175 788 784 2176 785 780 2177 788 784 2178 790 785 2179 787 781 2180 789 786 2181 791 787 2182 788 784 2183 300 788 2184 250 610 2185 30 609 2186 299 789 2187 784 782 2188 300 788 2189 298 790 2190 785 780 2191 299 789 2192 26 388 2193 786 783 2194 298 790 2195 157 579 2196 789 786 2197 786 783 2198 158 595 2199 792 791 2200 789 786 2201 949 792 2202 8 593 2203 265 793 2204 950 794 2205 265 793 2206 266 795 2207 951 796 2208 266 795 2209 267 797 2210 934 798 2211 267 797 2212 22 614 2213 787 781 2214 252 799 2215 251 611 2216 784 782 2217 251 611 2218 250 610 2219 793 800 2220 797 801 2221 796 802 2222 794 803 2223 798 804 2224 797 801 2225 797 801 2226 799 805 2227 796 802 2228 798 804 2229 800 806 2230 797 801 2231 33 701 2232 793 800 2233 321 807 2234 333 808 2235 794 803 2236 793 800 2237 332 809 2238 795 810 2239 794 803 2240 331 811 2241 324 716 2242 795 810 2243 795 810 2244 323 734 2245 798 804 2246 323 734 2247 801 812 2248 798 804 2249 996 732 2250 261 813 2251 1003 814 2252 1003 814 2253 260 815 2254 1004 816 2255 1004 816 2256 259 817 2257 1005 818 2258 1005 818 2259 7 676 2260 995 819 2261 796 802 2262 319 820 2263 320 821 2264 321 807 2265 796 802 2266 320 821 2267 802 822 2268 806 823 2269 805 824 2270 803 825 2271 807 826 2272 806 823 2273 805 824 2274 809 827 2275 808 828 2276 806 823 2277 810 829 2278 809 827 2279 35 720 2280 802 822 2281 245 721 2282 330 830 2283 803 825 2284 802 822 2285 329 831 2286 804 832 2287 803 825 2288 328 833 2289 318 633 2290 804 832 2291 804 832 2292 317 650 2293 807 826 2294 807 826 2295 316 651 2296 810 829 2297 1006 834 2298 21 649 2299 277 835 2300 1007 836 2301 277 835 2302 278 837 2303 1008 838 2304 278 837 2305 279 839 2306 993 724 2307 279 839 2308 20 840 2309 246 722 2310 808 828 2311 247 841 2312 245 721 2313 805 824 2314 246 722 2315 982 842 2316 961 843 2317 981 684 2318 962 844 2319 976 845 2320 956 846 2321 960 685 2322 815 847 2323 814 848 2324 961 843 2325 816 849 2326 815 847 2327 259 817 2328 175 850 2329 7 676 2330 260 815 2331 811 851 2332 259 817 2333 261 813 2334 812 852 2335 260 815 2336 23 731 2337 813 853 2338 261 813 2339 980 686 2340 952 854 2341 972 664 2342 962 844 2343 257 855 2344 816 849 2345 816 849 2346 22 614 2347 267 797 2348 815 847 2349 267 797 2350 266 795 2351 814 848 2352 266 795 2353 265 793 2354 176 680 2355 265 793 2356 8 593 2357 952 854 2358 814 848 2359 176 680 2360 964 856 2361 983 857 2362 984 858 2363 965 859 2364 984 858 2365 985 860 2366 953 683 2367 985 860 2368 973 678 2369 964 856 2370 821 861 2371 963 862 2372 965 859 2373 822 863 2374 964 856 2375 21 649 2376 818 864 2377 253 865 2378 276 647 2379 819 866 2380 818 864 2381 275 645 2382 820 867 2383 819 866 2384 274 643 2385 248 671 2386 820 867 2387 963 862 2388 974 868 2389 983 857 2390 953 683 2391 823 869 2392 965 859 2393 249 682 2394 280 778 2395 823 869 2396 823 869 2397 281 776 2398 822 863 2399 822 863 2400 282 774 2401 821 861 2402 821 861 2403 24 755 2404 254 870 2405 963 862 2406 254 870 2407 954 871 2408 967 872 2409 986 873 2410 987 874 2411 968 875 2412 987 874 2413 988 876 2414 954 871 2415 988 876 2416 974 868 2417 967 872 2418 827 877 2419 966 878 2420 968 875 2421 828 879 2422 967 872 2423 20 840 2424 824 880 2425 255 881 2426 279 839 2427 825 882 2428 824 880 2429 278 837 2430 826 883 2431 825 882 2432 277 835 2433 253 865 2434 826 883 2435 966 878 2436 975 884 2437 986 873 2438 954 871 2439 829 885 2440 968 875 2441 254 870 2442 271 753 2443 829 885 2444 829 885 2445 272 751 2446 828 879 2447 828 879 2448 273 749 2449 827 877 2450 827 877 2451 25 621 2452 256 886 2453 966 878 2454 256 886 2455 955 887 2456 990 888 2457 969 889 2458 989 890 2459 991 891 2460 970 892 2461 990 888 2462 975 884 2463 971 893 2464 991 891 2465 969 889 2466 834 894 2467 833 895 2468 970 892 2469 835 896 2470 834 894 2471 270 729 2472 258 897 2473 23 731 2474 269 727 2475 830 898 2476 270 729 2477 268 725 2478 831 899 2479 269 727 2480 20 840 2481 832 900 2482 268 725 2483 989 890 2484 956 846 2485 976 845 2486 971 893 2487 256 886 2488 835 896 2489 835 896 2490 25 621 2491 262 619 2492 834 894 2493 262 619 2494 263 617 2495 833 895 2496 263 617 2497 264 615 2498 257 855 2499 264 615 2500 22 614 2501 956 846 2502 833 895 2503 257 855 2504 837 901 2505 839 902 2506 836 903 2507 837 901 2508 841 904 2509 840 905 2510 839 902 2511 843 906 2512 842 907 2513 841 904 2514 843 906 2515 840 905 2516 321 807 2517 334 702 2518 33 701 2519 320 821 2520 836 903 2521 321 807 2522 320 821 2523 838 908 2524 837 901 2525 995 819 2526 174 674 2527 1009 909 2528 1009 909 2529 173 675 2530 1010 910 2531 173 675 2532 1011 911 2533 1010 910 2534 172 672 2535 992 912 2536 1011 911 2537 844 913 2538 164 914 2539 843 906 2540 842 907 2541 164 914 2542 163 638 2543 336 704 2544 163 638 2545 31 637 2546 335 703 2547 842 907 2548 336 704 2549 836 903 2550 335 703 2551 334 702 2552 846 915 2553 848 916 2554 845 917 2555 847 918 2556 849 919 2557 846 915 2558 849 919 2559 851 920 2560 848 916 2561 850 921 2562 852 922 2563 849 919 2564 195 654 2565 295 923 2566 13 566 2567 196 653 2568 845 917 2569 195 654 2570 197 652 2571 846 915 2572 196 653 2573 14 393 2574 847 918 2575 197 652 2576 283 391 2577 850 921 2578 847 918 2579 284 390 2580 853 924 2581 850 921 2582 285 389 2583 298 790 2584 853 924 2585 853 924 2586 299 789 2587 852 922 2588 852 922 2589 300 788 2590 851 920 2591 851 920 2592 30 609 2593 297 925 2594 848 916 2595 297 925 2596 296 926 2597 845 917 2598 296 926 2599 295 923 2600 854 927 2601 858 928 2602 857 929 2603 855 930 2604 859 931 2605 858 928 2606 857 929 2607 861 932 2608 860 933 2609 858 928 2610 862 934 2611 861 932 2612 11 381 2613 854 927 2614 289 379 2615 188 759 2616 855 930 2617 854 927 2618 187 761 2619 856 935 2620 855 930 2621 186 760 2622 162 936 2623 856 935 2624 856 935 2625 161 937 2626 859 931 2627 859 931 2628 160 938 2629 862 934 2630 862 934 2631 27 743 2632 301 773 2633 861 932 2634 301 773 2635 302 771 2636 860 933 2637 302 771 2638 303 770 2639 291 383 2640 303 770 2641 28 384 2642 290 382 2643 860 933 2644 291 383 2645 289 379 2646 857 929 2647 290 382 2648 863 939 2649 867 940 2650 866 941 2651 864 942 2652 868 943 2653 867 940 2654 866 941 2655 870 944 2656 869 945 2657 868 943 2658 870 944 2659 867 940 2660 10 564 2661 863 939 2662 162 936 2663 192 563 2664 864 942 2665 863 939 2666 193 558 2667 865 946 2668 864 942 2669 194 555 2670 182 947 2671 865 946 2672 865 946 2673 181 948 2674 868 943 2675 181 948 2676 871 949 2677 868 943 2678 180 950 2679 304 746 2680 871 949 2681 871 949 2682 305 747 2683 870 944 2684 870 944 2685 306 745 2686 869 945 2687 160 938 2688 306 745 2689 27 743 2690 161 937 2691 869 945 2692 160 938 2693 162 936 2694 866 941 2695 161 937 2696 873 951 2697 875 952 2698 872 953 2699 874 954 2700 876 955 2701 873 951 2702 875 952 2703 879 956 2704 878 957 2705 877 958 2706 879 956 2707 876 955 2708 201 530 2709 182 947 2710 12 553 2711 202 528 2712 872 953 2713 201 530 2714 203 552 2715 873 951 2716 202 528 2717 13 566 2718 874 954 2719 203 552 2720 295 923 2721 877 958 2722 874 954 2723 296 926 2724 880 959 2725 877 958 2726 297 925 2727 310 607 2728 880 959 2729 879 956 2730 310 607 2731 311 608 2732 878 957 2733 311 608 2734 312 606 2735 180 950 2736 312 606 2737 29 604 2738 181 948 2739 878 957 2740 180 950 2741 872 953 2742 181 948 2743 182 947 2744 882 960 2745 884 961 2746 881 962 2747 883 963 2748 885 964 2749 882 960 2750 884 961 2751 888 965 2752 887 966 2753 885 964 2754 889 967 2755 888 965 2756 231 557 2757 325 968 2758 17 554 2759 232 556 2760 881 962 2761 231 557 2762 233 559 2763 882 960 2764 232 556 2765 15 562 2766 883 963 2767 233 559 2768 179 969 2769 886 970 2770 883 963 2771 178 971 2772 889 967 2773 886 970 2774 889 967 2775 32 634 2776 328 833 2777 888 965 2778 328 833 2779 329 831 2780 887 966 2781 329 831 2782 330 830 2783 327 972 2784 330 830 2785 35 720 2786 326 973 2787 887 966 2788 327 972 2789 881 962 2790 326 973 2791 325 968 2792 890 974 2793 894 975 2794 893 976 2795 891 977 2796 895 978 2797 894 975 2798 893 976 2799 897 979 2800 896 980 2801 894 975 2802 898 981 2803 897 979 2804 19 568 2805 890 974 2806 185 698 2807 224 660 2808 891 977 2809 890 974 2810 223 659 2811 892 982 2812 891 977 2813 222 658 2814 191 983 2815 892 982 2816 892 982 2817 190 984 2818 895 978 2819 895 978 2820 189 985 2821 898 981 2822 189 985 2823 331 811 2824 898 981 2825 897 979 2826 331 811 2827 332 809 2828 896 980 2829 332 809 2830 333 808 2831 183 700 2832 333 808 2833 33 701 2834 184 699 2835 896 980 2836 183 700 2837 185 698 2838 893 976 2839 184 699 2840 899 986 2841 903 987 2842 902 988 2843 900 989 2844 904 990 2845 903 987 2846 903 987 2847 905 991 2848 902 988 2849 904 990 2850 906 992 2851 903 987 2852 18 551 2853 899 986 2854 191 983 2855 228 527 2856 900 989 2857 899 986 2858 229 529 2859 901 993 2860 900 989 2861 230 531 2862 325 968 2863 901 993 2864 901 993 2865 326 973 2866 904 990 2867 326 973 2868 907 994 2869 904 990 2870 327 972 2871 337 719 2872 907 994 2873 907 994 2874 338 718 2875 906 992 2876 906 992 2877 339 715 2878 905 991 2879 905 991 2880 34 717 2881 189 985 2882 190 984 2883 905 991 2884 189 985 2885 191 983 2886 902 988 2887 190 984 2888 909 995 2889 911 996 2890 908 997 2891 910 998 2892 912 999 2893 909 995 2894 912 999 2895 914 1000 2896 911 996 2897 913 1001 2898 915 1002 2899 912 999 2900 234 655 2901 179 969 2902 15 562 2903 235 657 2904 908 997 2905 234 655 2906 236 656 2907 909 995 2908 235 657 2909 16 534 2910 910 998 2911 236 656 2912 313 695 2913 913 1001 2914 910 998 2915 314 706 2916 916 1003 2917 913 1001 2918 315 705 2919 340 636 2920 916 1003 2921 916 1003 2922 341 635 2923 915 1002 2924 915 1002 2925 342 632 2926 914 1000 2927 177 1004 2928 342 632 2929 32 634 2930 911 996 2931 177 1004 2932 178 971 2933 908 997 2934 178 971 2935 179 969 2936 241 532 2937 919 450 2938 920 1005 2939 243 533 2940 920 1005 2941 152 516 2942 731 432 2943 383 77 2944 381 79 2945 4 402 2946 918 567 2947 56 403 2948 151 514 2949 920 1005 2950 918 567 2951 343 1006 2952 344 550 2953 212 517 2954 11 381 2955 343 1006 2956 212 517 2957 14 393 2958 205 560 2959 345 1007 2960 345 1007 2961 205 560 2962 346 549 2963 925 1008 2964 927 547 2965 924 1009 2966 929 548 2967 925 1008 2968 926 1010 2969 346 549 2970 926 1010 2971 345 1007 2972 11 381 2973 924 1009 2974 343 1006 2975 200 380 2976 925 1008 2977 924 1009 2978 198 392 2979 925 1008 2980 199 394 2981 14 393 2982 926 1010 2983 198 392 2984 924 1009 2985 344 550 2986 343 1006 2987 252 799 2988 951 796 2989 934 798 2990 790 785 2991 950 794 2992 951 796 2993 791 787 2994 949 792 2995 950 794 2996 792 791 2997 932 592 2998 949 792 2999 781 768 3000 933 585 3001 168 584 3002 782 767 3003 948 779 3004 781 768 3005 783 769 3006 947 777 3007 782 767 3008 286 758 3009 946 775 3010 783 769 3011 772 741 3012 935 756 3013 286 758 3014 773 740 3015 945 754 3016 772 741 3017 774 748 3018 944 752 3019 773 740 3020 292 623 3021 943 750 3022 774 748 3023 292 623 3024 942 618 3025 936 620 3026 702 602 3027 941 616 3028 942 618 3029 703 601 3030 940 613 3031 941 616 3032 704 612 3033 934 798 3034 940 613 3035 159 594 3036 939 590 3037 932 592 3038 692 576 3039 938 589 3040 939 590 3041 694 577 3042 938 589 3043 693 578 3044 168 584 3045 937 587 3046 694 577 3047 830 898 3048 976 845 3049 258 897 3050 255 881 3051 991 891 3052 832 900 3053 832 900 3054 990 888 3055 831 899 3056 831 899 3057 989 890 3058 830 898 3059 255 881 3060 986 873 3061 975 884 3062 826 883 3063 974 868 3064 988 876 3065 825 882 3066 988 876 3067 987 874 3068 824 880 3069 987 874 3070 986 873 3071 253 865 3072 983 857 3073 974 868 3074 820 867 3075 973 678 3076 985 860 3077 819 866 3078 985 860 3079 984 858 3080 818 864 3081 984 858 3082 983 857 3083 811 851 3084 972 664 3085 175 850 3086 258 897 3087 982 842 3088 813 853 3089 813 853 3090 981 684 3091 812 852 3092 812 852 3093 980 686 3094 811 851 3095 248 671 3096 977 679 3097 973 678 3098 175 850 3099 979 661 3100 744 677 3101 744 677 3102 978 663 3103 743 673 3104 742 670 3105 978 663 3106 977 679 3107 1011 911 3108 165 640 3109 844 913 3110 1010 910 3111 844 913 3112 841 904 3113 838 908 3114 1010 910 3115 841 904 3116 319 820 3117 1009 909 3118 838 908 3119 247 841 3120 1008 838 3121 993 724 3122 808 828 3123 1007 836 3124 1008 838 3125 809 827 3126 1006 834 3127 1007 836 3128 810 829 3129 994 648 3130 1006 834 3131 799 805 3132 995 819 3133 319 820 3134 800 806 3135 1005 818 3136 799 805 3137 801 812 3138 1004 816 3139 800 806 3140 322 733 3141 1003 814 3142 801 812 3143 763 712 3144 996 732 3145 322 733 3146 764 714 3147 1002 730 3148 763 712 3149 765 723 3150 1001 728 3151 764 714 3152 247 841 3153 1000 726 3154 765 723 3155 316 651 3156 999 646 3157 994 648 3158 711 630 3159 998 644 3160 999 646 3161 712 629 3162 997 641 3163 998 644 3164 713 631 3165 992 912 3166 997 641 3167 958 662 3168 977 679 3169 978 663 3170 594 440 3171 680 85 3172 596 430 3173 551 0 3174 552 353 3175 654 1 3176 653 3 3177 553 355 3178 143 4 3179 350 6 3180 352 9 3181 351 7 3182 352 9 3183 100 13 3184 101 10 3185 388 11 3186 389 12 3187 352 9 3188 389 12 3189 70 108 3190 100 13 3191 393 14 3192 394 72 3193 375 15 3194 366 17 3195 365 439 3196 362 18 3197 417 20 3198 418 129 3199 403 21 3200 398 23 3201 351 7 3202 101 10 3203 351 7 3204 398 23 3205 397 25 3206 354 26 3207 357 30 3208 356 27 3209 355 29 3210 358 39 3211 357 30 3212 356 27 3213 357 30 3214 360 31 3215 357 30 3216 358 39 3217 361 33 3218 106 34 3219 354 26 3220 353 28 3221 107 36 3222 355 29 3223 354 26 3224 3 37 3225 91 38 3226 355 29 3227 91 38 3228 92 220 3229 358 39 3230 358 39 3231 92 220 3232 93 40 3233 361 33 3234 93 40 3235 2 41 3236 360 31 3237 361 33 3238 104 42 3239 359 32 3240 360 31 3241 103 43 3242 364 45 3243 367 47 3244 366 17 3245 79 46 3246 80 56 3247 367 47 3248 379 48 3249 364 45 3250 363 19 3251 379 48 3252 82 69 3253 79 46 3254 608 50 3255 609 61 3256 369 51 3257 372 53 3258 371 67 3259 368 52 3260 377 54 3261 378 49 3262 363 19 3263 589 55 3264 367 47 3265 80 56 3266 589 55 3267 588 427 3268 366 17 3269 370 58 3270 373 66 3271 372 53 3272 95 59 3273 373 66 3274 370 58 3275 609 61 3276 610 63 3277 370 58 3278 97 62 3279 94 60 3280 370 58 3281 388 11 3282 350 6 3283 348 64 3284 378 49 3285 377 54 3286 374 16 3287 373 66 3288 95 59 3289 3 37 3290 372 53 3291 373 66 3292 107 36 3293 371 67 3294 372 53 3295 106 34 3296 376 68 3297 379 48 3298 378 49 3299 82 69 3300 379 48 3301 376 68 3302 395 71 3303 376 68 3304 375 15 3305 84 73 3306 81 70 3307 376 68 3308 606 74 3309 605 453 3310 399 75 3311 383 77 3312 382 81 3313 380 78 3314 67 80 3315 380 78 3316 382 81 3317 681 83 3318 817 93 3319 240 84 3320 622 86 3321 383 77 3322 732 87 3323 380 78 3324 627 479 3325 629 89 3326 48 90 3327 51 105 3328 623 91 3329 817 93 3330 681 83 3331 645 94 3332 41 96 3333 601 448 3334 616 97 3335 382 81 3336 383 77 3337 622 86 3338 385 100 3339 388 11 3340 387 65 3341 118 102 3342 468 242 3343 467 103 3344 389 12 3345 388 11 3346 385 100 3347 70 108 3348 389 12 3349 386 107 3350 406 110 3351 407 112 3352 386 107 3353 72 111 3354 69 109 3355 386 107 3356 412 113 3357 391 116 3358 390 114 3359 394 72 3360 393 14 3361 390 114 3362 395 71 3363 394 72 3364 391 116 3365 84 73 3366 395 71 3367 392 117 3368 412 113 3369 413 119 3370 392 117 3371 413 119 3372 86 135 3373 83 118 3374 397 25 3375 396 121 3376 347 120 3377 400 76 3378 399 75 3379 396 121 3380 398 23 3381 401 125 3382 400 76 3383 99 122 3384 401 125 3385 398 23 3386 403 21 3387 406 110 3388 405 123 3389 406 110 3390 385 100 3391 384 101 3392 96 124 3393 607 457 3394 401 125 3395 401 125 3396 607 457 3397 606 74 3398 407 112 3399 406 110 3400 403 21 3401 72 111 3402 407 112 3403 404 126 3404 419 128 3405 404 126 3406 403 21 3407 419 128 3408 74 144 3409 71 127 3410 424 130 3411 409 133 3412 408 131 3413 409 133 3414 412 113 3415 411 115 3416 413 119 3417 412 113 3418 409 133 3419 86 135 3420 413 119 3421 410 134 3422 424 130 3423 425 138 3424 410 134 3425 88 137 3426 85 136 3427 410 134 3428 430 139 3429 415 142 3430 414 140 3431 418 129 3432 417 20 3433 414 140 3434 419 128 3435 418 129 3436 415 142 3437 74 144 3438 419 128 3439 416 143 3440 430 139 3441 431 146 3442 416 143 3443 431 146 3444 76 158 3445 73 145 3446 581 147 3447 583 416 3448 421 148 3449 421 148 3450 424 130 3451 423 132 3452 425 138 3453 424 130 3454 421 148 3455 87 151 3456 88 137 3457 425 138 3458 421 148 3459 583 416 3460 585 152 3461 422 150 3462 585 152 3463 90 153 3464 70 108 3465 435 168 3466 432 154 3467 427 155 3468 430 139 3469 429 141 3470 431 146 3471 430 139 3472 427 155 3473 76 158 3474 431 146 3475 428 157 3476 119 104 3477 467 103 3478 466 160 3479 590 162 3480 591 164 3481 427 155 3482 592 163 3483 428 157 3484 427 155 3485 140 165 3486 433 171 3487 432 154 3488 108 167 3489 109 176 3490 435 168 3491 69 109 3492 72 111 3493 437 170 3494 101 10 3495 100 13 3496 432 154 3497 475 172 3498 477 256 3499 484 173 3500 137 175 3501 463 235 3502 433 171 3503 109 176 3504 139 166 3505 432 154 3506 111 177 3507 437 170 3508 436 178 3509 71 127 3510 74 144 3511 439 180 3512 70 108 3513 69 109 3514 434 169 3515 111 177 3516 108 167 3517 434 169 3518 113 181 3519 439 180 3520 438 182 3521 73 145 3522 76 158 3523 441 184 3524 72 111 3525 71 127 3526 436 178 3527 110 179 3528 436 178 3529 439 180 3530 115 185 3531 441 184 3532 440 186 3533 78 188 3534 443 189 3535 440 186 3536 74 144 3537 73 145 3538 438 182 3539 115 185 3540 112 183 3541 438 182 3542 116 161 3543 117 191 3544 443 189 3545 80 56 3546 445 192 3547 442 190 3548 76 158 3549 75 159 3550 440 186 3551 114 187 3552 440 186 3553 443 189 3554 118 102 3555 119 104 3556 445 192 3557 82 69 3558 447 198 3559 444 193 3560 443 189 3561 78 188 3562 77 57 3563 119 104 3564 116 161 3565 442 190 3566 121 194 3567 447 198 3568 446 195 3569 81 70 3570 84 73 3571 449 197 3572 445 192 3573 80 56 3574 79 46 3575 118 102 3576 444 193 3577 447 198 3578 123 199 3579 449 197 3580 448 200 3581 86 135 3582 451 203 3583 448 200 3584 447 198 3585 82 69 3586 81 70 3587 120 196 3588 446 195 3589 449 197 3590 124 202 3591 125 206 3592 451 203 3593 85 136 3594 88 137 3595 453 205 3596 84 73 3597 83 118 3598 448 200 3599 125 206 3600 122 201 3601 448 200 3602 127 207 3603 453 205 3604 452 208 3605 87 151 3606 90 153 3607 455 210 3608 86 135 3609 85 136 3610 450 204 3611 127 207 3612 124 202 3613 450 204 3614 129 211 3615 455 210 3616 454 212 3617 97 62 3618 462 230 3619 459 214 3620 453 205 3621 88 137 3622 87 151 3623 126 209 3624 452 208 3625 455 210 3626 133 215 3627 134 232 3628 460 216 3629 0 217 3630 128 213 3631 454 212 3632 455 210 3633 90 153 3634 89 219 3635 89 219 3636 2 41 3637 141 218 3638 92 220 3639 91 38 3640 456 221 3641 1 223 3642 130 225 3643 456 221 3644 130 225 3645 131 227 3646 457 222 3647 132 226 3648 458 228 3649 457 222 3650 0 217 3651 141 218 3652 458 228 3653 93 40 3654 458 228 3655 141 218 3656 458 228 3657 93 40 3658 92 220 3659 91 38 3660 3 37 3661 142 224 3662 135 229 3663 136 233 3664 462 230 3665 99 122 3666 464 236 3667 461 231 3668 95 59 3669 94 60 3670 459 214 3671 1 223 3672 142 224 3673 460 216 3674 95 59 3675 460 216 3676 142 224 3677 136 233 3678 133 215 3679 459 214 3680 138 234 3681 464 236 3682 463 235 3683 98 24 3684 101 10 3685 433 171 3686 462 230 3687 97 62 3688 96 124 3689 135 229 3690 461 231 3691 464 236 3692 116 161 3693 466 160 3694 465 237 3695 464 236 3696 99 122 3697 98 24 3698 501 238 3699 659 280 3700 465 237 3701 508 239 3702 465 237 3703 466 160 3704 507 240 3705 466 160 3706 467 103 3707 121 194 3708 674 245 3709 468 242 3710 657 243 3711 656 279 3712 129 211 3713 469 244 3714 470 262 3715 140 165 3716 674 245 3717 520 313 3718 513 246 3719 136 233 3720 471 263 3721 677 247 3722 676 251 3723 559 358 3724 146 252 3725 133 215 3726 677 247 3727 676 251 3728 675 254 3729 674 245 3730 121 194 3731 672 255 3732 484 173 3733 477 256 3734 120 196 3735 123 199 3736 670 257 3737 110 179 3738 113 181 3739 662 258 3740 478 260 3741 570 368 3742 669 261 3743 135 229 3744 472 270 3745 471 263 3746 124 202 3747 665 276 3748 664 264 3749 677 247 3750 471 263 3751 565 265 3752 473 267 3753 474 286 3754 476 268 3755 571 269 3756 564 365 3757 472 270 3758 108 167 3759 111 177 3760 666 272 3761 109 176 3762 672 255 3763 469 244 3764 478 260 3765 470 262 3766 469 244 3767 108 167 3768 673 273 3769 672 255 3770 138 234 3771 668 271 3772 472 270 3773 671 274 3774 670 257 3775 123 199 3776 669 261 3777 668 271 3778 138 234 3779 125 206 3780 664 264 3781 671 274 3782 667 259 3783 666 272 3784 111 177 3785 137 175 3786 140 165 3787 470 262 3788 472 270 3789 564 365 3790 565 265 3791 124 202 3792 127 207 3793 660 275 3794 663 277 3795 662 258 3796 113 181 3797 115 185 3798 658 1011 3799 663 277 3800 661 278 3801 660 275 3802 127 207 3803 126 209 3804 129 211 3805 656 279 3806 659 280 3807 658 1011 3808 115 185 3809 114 187 3810 117 191 3811 465 237 3812 476 268 3813 478 260 3814 477 256 3815 479 281 3816 480 287 3817 482 174 3818 566 285 3819 568 367 3820 476 268 3821 480 287 3822 473 267 3823 475 172 3824 481 282 3825 483 290 3826 490 288 3827 481 282 3828 482 174 3829 484 173 3830 485 291 3831 486 293 3832 488 289 3833 479 281 3834 481 282 3835 488 289 3836 487 292 3837 489 296 3838 496 294 3839 488 289 3840 490 288 3841 489 296 3842 492 250 3843 494 295 3844 493 297 3845 492 250 3846 485 291 3847 487 292 3848 493 297 3849 495 300 3850 502 298 3851 494 295 3852 496 294 3853 495 300 3854 497 301 3855 498 305 3856 500 299 3857 498 305 3858 491 248 3859 493 297 3860 506 306 3861 499 302 3862 501 238 3863 500 299 3864 502 298 3865 501 238 3866 503 283 3867 504 308 3868 506 306 3869 497 301 3870 499 302 3871 506 306 3872 512 309 3873 505 307 3874 507 240 3875 505 307 3876 506 306 3877 508 239 3878 510 284 3879 512 309 3880 511 310 3881 503 283 3882 505 307 3883 512 309 3884 518 312 3885 511 310 3886 513 246 3887 511 310 3888 512 309 3889 514 241 3890 516 314 3891 518 312 3892 517 315 3893 516 314 3894 509 311 3895 511 310 3896 524 317 3897 517 315 3898 519 318 3899 518 312 3900 520 313 3901 519 318 3902 522 320 3903 524 317 3904 523 321 3905 515 316 3906 517 315 3907 524 317 3908 530 323 3909 523 321 3910 525 324 3911 523 321 3912 524 317 3913 526 319 3914 527 326 3915 528 328 3916 530 323 3917 528 328 3918 521 322 3919 523 321 3920 529 327 3921 531 331 3922 538 329 3923 529 327 3924 530 323 3925 532 325 3926 533 332 3927 534 334 3928 536 330 3929 534 334 3930 527 326 3931 529 327 3932 535 333 3933 537 337 3934 544 335 3935 536 330 3936 538 329 3937 537 337 3938 540 338 3939 542 336 3940 541 339 3941 540 338 3942 533 332 3943 535 333 3944 563 341 3945 556 345 3946 558 266 3947 542 336 3948 544 335 3949 543 342 3950 554 343 3951 555 363 3952 557 344 3953 144 346 3954 541 339 3955 543 342 3956 145 347 3957 539 340 3958 541 339 3959 545 348 3960 546 352 3961 549 349 3962 547 351 3963 550 354 3964 549 349 3965 548 350 3966 549 349 3967 552 353 3968 550 354 3969 553 355 3970 552 353 3971 145 347 3972 144 346 3973 550 354 3974 144 346 3975 143 4 3976 553 355 3977 147 356 3978 548 350 3979 551 0 3980 148 357 3981 545 348 3982 548 350 3983 556 345 3984 557 344 3985 559 358 3986 561 359 3987 563 341 3988 562 360 3989 148 357 3990 147 356 3991 557 344 3992 147 356 3993 146 252 3994 559 358 3995 554 343 3996 556 345 3997 563 341 3998 569 364 3999 562 360 4000 564 365 4001 562 360 4002 563 341 4003 565 265 4004 567 366 4005 569 364 4006 568 367 4007 560 361 4008 562 360 4009 569 364 4010 568 367 4011 570 368 4012 478 260 4013 569 364 4014 571 269 4015 570 368 4016 573 371 4017 576 375 4018 575 372 4019 574 374 4020 577 386 4021 576 375 4022 575 372 4023 576 375 4024 579 376 4025 576 375 4026 577 386 4027 580 378 4028 289 379 4029 572 373 4030 200 380 4031 290 382 4032 573 371 4033 572 373 4034 291 383 4035 574 374 4036 573 371 4037 28 384 4038 307 385 4039 574 374 4040 307 385 4041 308 580 4042 577 386 4043 577 386 4044 308 580 4045 309 387 4046 580 378 4047 309 387 4048 26 388 4049 579 376 4050 580 378 4051 285 389 4052 578 377 4053 579 376 4054 284 390 4055 198 392 4056 578 377 4057 283 391 4058 199 394 4059 575 372 4060 578 377 4061 572 373 4062 575 372 4063 199 394 4064 44 396 4065 47 418 4066 643 397 4067 678 399 4068 679 398 4069 681 83 4070 582 415 4071 584 421 4072 583 416 4073 714 420 4074 718 543 4075 393 14 4076 584 421 4077 586 426 4078 585 152 4079 585 152 4080 586 426 4081 89 219 4082 921 422 4083 590 162 4084 426 156 4085 414 140 4086 417 20 4087 725 424 4088 582 415 4089 102 44 4090 103 43 4091 584 421 4092 103 43 4093 104 42 4094 586 426 4095 104 42 4096 2 41 4097 588 427 4098 591 164 4099 590 162 4100 589 55 4101 592 163 4102 591 164 4103 77 57 4104 78 188 4105 592 163 4106 593 429 4107 594 440 4108 596 430 4109 42 413 4110 594 440 4111 593 429 4112 731 432 4113 381 79 4114 629 89 4115 593 429 4116 595 431 4117 604 434 4118 597 436 4119 598 445 4120 600 437 4121 366 17 4122 588 427 4123 587 428 4124 45 412 4125 678 399 4126 594 440 4127 347 120 4128 396 121 4129 208 441 4130 685 443 4131 214 464 4132 595 431 4133 57 444 4134 917 565 4135 598 445 4136 54 401 4137 598 445 4138 597 436 4139 685 443 4140 596 430 4141 680 85 4142 612 446 4143 597 436 4144 599 438 4145 601 448 4146 602 435 4147 604 434 4148 598 445 4149 917 565 4150 919 450 4151 78 188 4152 75 159 4153 428 157 4154 731 432 4155 209 521 4156 716 442 4157 646 451 4158 227 526 4159 226 95 4160 40 362 4161 43 417 4162 593 429 4163 40 362 4164 602 435 4165 601 448 4166 616 97 4167 601 448 4168 603 449 4169 609 61 4170 608 50 4171 605 453 4172 729 454 4173 614 447 4174 599 438 4175 217 456 4176 728 469 4177 603 449 4178 55 400 4179 597 436 4180 612 446 4181 607 457 4182 610 63 4183 609 61 4184 96 124 4185 97 62 4186 610 63 4187 612 446 4188 614 447 4189 613 458 4190 52 303 4191 612 446 4192 611 459 4193 624 460 4194 611 459 4195 613 458 4196 615 462 4197 616 97 4198 618 452 4199 214 464 4200 217 456 4201 604 434 4202 729 454 4203 730 481 4204 613 458 4205 65 411 4206 68 82 4207 382 81 4208 38 98 4209 616 97 4210 615 462 4211 628 465 4212 615 462 4213 617 463 4214 619 467 4215 620 99 4216 622 86 4217 728 469 4218 733 470 4219 618 452 4220 733 470 4221 734 476 4222 617 463 4223 53 304 4224 611 459 4225 624 460 4226 620 99 4227 619 467 4228 66 471 4229 619 467 4230 621 468 4231 634 472 4232 624 460 4233 626 461 4234 625 474 4235 736 475 4236 630 466 4237 617 463 4238 622 86 4239 218 88 4240 219 477 4241 39 414 4242 615 462 4243 628 465 4244 624 460 4245 623 91 4246 51 105 4247 623 91 4248 625 474 4249 638 478 4250 628 465 4251 630 466 4252 629 89 4253 220 480 4254 626 461 4255 613 458 4256 220 480 4257 735 538 4258 625 474 4259 63 409 4260 66 471 4261 619 467 4262 36 369 4263 628 465 4264 627 479 4265 632 473 4266 634 472 4267 633 482 4268 736 475 4269 737 433 4270 629 89 4271 632 473 4272 631 483 4273 64 410 4274 631 483 4275 633 482 4276 642 484 4277 635 486 4278 636 92 4279 638 478 4280 219 477 4281 738 523 4282 634 472 4283 634 472 4284 738 523 4285 739 488 4286 37 370 4287 627 479 4288 380 78 4289 636 92 4290 635 486 4291 49 489 4292 635 486 4293 637 487 4294 646 451 4295 639 491 4296 640 485 4297 642 484 4298 225 493 4299 642 484 4300 633 482 4301 726 494 4302 215 501 4303 242 495 4304 61 497 4305 64 410 4306 631 483 4307 640 485 4308 639 491 4309 62 408 4310 5 407 4311 62 408 4312 639 491 4313 644 490 4314 646 451 4315 645 94 4316 244 499 4317 154 502 4318 641 492 4319 215 501 4320 216 455 4321 599 438 4322 153 498 4323 639 491 4324 641 492 4325 644 490 4326 643 397 4327 47 418 4328 643 397 4329 645 94 4330 681 83 4331 362 18 4332 365 439 4333 931 503 4334 741 505 4335 227 526 4336 646 451 4337 683 506 4338 684 515 4339 650 507 4340 46 419 4341 49 489 4342 635 486 4343 647 509 4344 648 511 4345 651 508 4346 649 510 4347 652 512 4348 651 508 4349 652 512 4350 682 513 4351 683 506 4352 154 502 4353 244 499 4354 682 513 4355 4 402 4356 60 404 4357 647 509 4358 60 404 4359 59 405 4360 648 511 4361 58 406 4362 649 510 4363 648 511 4364 5 407 4365 153 498 4366 649 510 4367 153 498 4368 154 502 4369 652 512 4370 684 515 4371 243 533 4372 152 516 4373 581 147 4374 213 496 4375 212 517 4376 151 514 4377 647 509 4378 650 507 4379 226 95 4380 931 503 4381 922 518 4382 727 519 4383 214 464 4384 685 443 4385 587 428 4386 922 518 4387 931 503 4388 921 422 4389 240 84 4390 817 93 4391 731 432 4392 737 433 4393 206 520 4394 600 437 4395 919 450 4396 242 495 4397 930 522 4398 739 488 4399 738 523 4400 715 525 4401 695 504 4402 227 526 4403 228 527 4404 203 552 4405 202 528 4406 229 529 4407 202 528 4408 201 530 4409 723 535 4410 408 131 4411 411 115 4412 740 537 4413 638 478 4414 625 474 4415 468 242 4416 513 246 4417 514 241 4418 420 149 4419 726 494 4420 213 496 4421 429 141 4422 414 140 4423 724 425 4424 402 22 4425 405 123 4426 722 539 4427 204 541 4428 930 522 4429 608 50 4430 715 525 4431 377 54 4432 362 18 4433 396 121 4434 399 75 4435 720 542 4436 721 540 4437 725 424 4438 417 20 4439 390 114 4440 393 14 4441 718 543 4442 390 114 4443 719 544 4444 210 536 4445 207 545 4446 384 101 4447 387 65 4448 348 64 4449 350 6 4450 349 8 4451 723 535 4452 211 561 4453 423 132 4454 717 524 4455 605 453 4456 608 50 4457 605 453 4458 717 524 4459 720 542 4460 374 16 4461 377 54 4462 715 525 4463 208 441 4464 218 88 4465 732 87 4466 928 546 4467 356 27 4468 359 32 4469 207 545 4470 722 539 4471 405 123 4472 426 156 4473 429 141 4474 727 519 4475 353 28 4476 356 27 4477 928 546 4478 105 35 4479 353 28 4480 929 548 4481 927 547 4482 359 32 4483 102 44 4484 348 64 4485 209 521 4486 206 520 4487 922 518 4488 587 428 4489 590 162 4490 18 551 4491 13 566 4492 203 552 4493 230 531 4494 201 530 4495 12 553 4496 194 555 4497 193 558 4498 232 556 4499 193 558 4500 192 563 4501 233 559 4502 371 67 4503 105 35 4504 346 549 4505 348 64 4506 347 120 4507 716 442 4508 420 149 4509 423 132 4510 211 561 4511 12 553 4512 194 555 4513 231 557 4514 15 562 4515 233 559 4516 192 563 4517 368 52 4518 371 67 4519 205 560 4520 226 95 4521 227 526 4522 695 504 4523 654 1 4524 552 353 4525 553 355 4526 132 226 4527 653 3 4528 156 5 4529 131 227 4530 654 1 4531 653 3 4532 131 227 4533 130 225 4534 655 2 4535 130 225 4536 1 223 4537 155 253 4538 146 252 4539 551 0 4540 655 2 4541 661 278 4542 656 279 4543 544 335 4544 544 335 4545 656 279 4546 657 243 4547 128 213 4548 0 217 4549 156 5 4550 143 4 4551 543 342 4552 657 243 4553 663 277 4554 658 1011 4555 502 298 4556 502 298 4557 658 1011 4558 659 280 4559 665 276 4560 660 275 4561 538 329 4562 537 337 4563 538 329 4564 660 275 4565 489 296 4566 667 259 4567 662 258 4568 496 294 4569 662 258 4570 663 277 4571 525 324 4572 671 274 4573 664 264 4574 532 325 4575 664 264 4576 665 276 4577 673 273 4578 666 272 4579 490 288 4580 489 296 4581 490 288 4582 666 272 4583 570 368 4584 571 269 4585 668 271 4586 675 254 4587 670 257 4588 526 319 4589 526 319 4590 670 257 4591 671 274 4592 484 173 4593 672 255 4594 673 273 4595 519 318 4596 520 313 4597 674 245 4598 134 232 4599 676 251 4600 155 253 4601 559 358 4602 676 251 4603 677 247 4604 679 398 4605 678 399 4606 45 412 4607 718 543 4608 735 538 4609 220 480 4610 56 403 4611 918 567 4612 917 565 4613 10 564 4614 212 517 4615 241 532 4616 240 84 4617 921 422 4618 923 423 4619 715 525 4620 741 505 4621 740 537 4622 213 496 4623 242 495 4624 241 532 4625 739 488 4626 930 522 4627 204 541 4628 642 484 4629 225 493 4630 221 500 4631 718 543 4632 714 420 4633 740 537 4634 221 500 4635 205 560 4636 13 566 4637 206 520 4638 737 433 4639 736 475 4640 720 542 4641 717 524 4642 738 523 4643 720 542 4644 219 477 4645 218 88 4646 722 539 4647 207 545 4648 736 475 4649 724 425 4650 725 424 4651 728 469 4652 210 536 4653 719 544 4654 220 480 4655 918 567 4656 920 1005 4657 919 450 4658 725 424 4659 721 540 4660 733 470 4661 722 539 4662 734 476 4663 733 470 4664 210 536 4665 730 481 4666 729 454 4667 211 561 4668 723 535 4669 729 454 4670 211 561 4671 216 455 4672 215 501 4673 217 456 4674 214 464 4675 727 519 4676 204 541 4677 205 560 4678 221 500 4679 638 478 4680 740 537 4681 741 505 4682 19 568 4683 239 569 4684 682 513 4685 239 569 4686 238 696 4687 683 506 4688 683 506 4689 238 696 4690 237 570 4691 684 515 4692 237 570 4693 16 534 4694 687 571 4695 690 575 4696 689 572 4697 687 571 4698 688 581 4699 691 574 4700 690 575 4701 693 578 4702 692 576 4703 690 575 4704 691 574 4705 694 577 4706 309 387 4707 686 573 4708 157 579 4709 308 580 4710 687 571 4711 686 573 4712 308 580 4713 307 385 4714 688 581 4715 307 385 4716 28 384 4717 166 582 4718 688 581 4719 166 582 4720 167 583 4721 691 574 4722 167 583 4723 168 584 4724 933 585 4725 9 681 4726 171 586 4727 937 587 4728 171 586 4729 170 588 4730 939 590 4731 938 589 4732 170 588 4733 932 592 4734 939 590 4735 169 591 4736 689 572 4737 692 576 4738 159 594 4739 686 573 4740 689 572 4741 158 595 4742 696 596 4743 697 600 4744 700 597 4745 698 599 4746 701 603 4747 700 597 4748 699 598 4749 700 597 4750 703 601 4751 701 603 4752 704 612 4753 703 601 4754 29 604 4755 312 606 4756 696 596 4757 312 606 4758 311 608 4759 697 600 4760 310 607 4761 698 599 4762 697 600 4763 30 609 4764 250 610 4765 698 599 4766 250 610 4767 251 611 4768 701 603 4769 251 611 4770 252 799 4771 704 612 4772 940 613 4773 934 798 4774 22 614 4775 941 616 4776 940 613 4777 264 615 4778 942 618 4779 941 616 4780 263 617 4781 936 620 4782 942 618 4783 262 619 4784 293 622 4785 699 598 4786 702 602 4787 294 605 4788 696 596 4789 699 598 4790 706 624 4791 709 628 4792 708 625 4793 707 627 4794 710 639 4795 709 628 4796 708 625 4797 709 628 4798 712 629 4799 709 628 4800 710 639 4801 713 631 4802 342 632 4803 705 626 4804 318 633 4805 341 635 4806 706 624 4807 705 626 4808 340 636 4809 707 627 4810 706 624 4811 31 637 4812 163 638 4813 707 627 4814 163 638 4815 164 914 4816 710 639 4817 710 639 4818 164 914 4819 165 640 4820 997 641 4821 992 912 4822 6 642 4823 998 644 4824 997 641 4825 274 643 4826 999 646 4827 998 644 4828 275 645 4829 994 648 4830 999 646 4831 276 647 4832 317 650 4833 708 625 4834 711 630 4835 705 626 4836 708 625 4837 317 650 4838 979 661 4839 959 665 4840 958 662 4841 972 664 4842 952 854 4843 959 665 4844 958 662 4845 746 669 4846 745 666 4847 958 662 4848 959 665 4849 747 668 4850 6 642 4851 172 672 4852 742 670 4853 172 672 4854 173 675 4855 743 673 4856 174 674 4857 744 677 4858 743 673 4859 7 676 4860 175 850 4861 744 677 4862 957 667 4863 953 683 4864 973 678 4865 959 665 4866 952 854 4867 176 680 4868 747 668 4869 176 680 4870 8 593 4871 746 669 4872 747 668 4873 169 591 4874 746 669 4875 170 588 4876 171 586 4877 745 666 4878 171 586 4879 9 681 4880 957 667 4881 745 666 4882 249 682 4883 981 684 4884 961 843 4885 960 685 4886 749 687 4887 752 691 4888 751 688 4889 749 687 4890 750 697 4891 753 690 4892 752 691 4893 755 694 4894 754 692 4895 752 691 4896 753 690 4897 756 693 4898 237 570 4899 748 689 4900 313 695 4901 238 696 4902 749 687 4903 748 689 4904 238 696 4905 239 569 4906 750 697 4907 239 569 4908 19 568 4909 185 698 4910 750 697 4911 185 698 4912 184 699 4913 753 690 4914 184 699 4915 183 700 4916 756 693 4917 183 700 4918 33 701 4919 755 694 4920 756 693 4921 334 702 4922 755 694 4923 335 703 4924 336 704 4925 754 692 4926 336 704 4927 31 637 4928 751 688 4929 754 692 4930 315 705 4931 748 689 4932 751 688 4933 314 706 4934 344 550 4935 102 44 4936 582 415 4937 758 707 4938 761 711 4939 760 708 4940 759 710 4941 762 713 4942 761 711 4943 761 711 4944 764 714 4945 763 712 4946 762 713 4947 765 723 4948 764 714 4949 339 715 4950 757 709 4951 324 716 4952 338 718 4953 758 707 4954 757 709 4955 337 719 4956 759 710 4957 758 707 4958 35 720 4959 245 721 4960 759 710 4961 245 721 4962 246 722 4963 762 713 4964 246 722 4965 247 841 4966 765 723 4967 993 724 4968 20 840 4969 268 725 4970 1000 726 4971 268 725 4972 269 727 4973 1001 728 4974 269 727 4975 270 729 4976 1002 730 4977 270 729 4978 23 731 4979 760 708 4980 763 712 4981 322 733 4982 757 709 4983 760 708 4984 323 734 4985 766 735 4986 767 739 4987 770 736 4988 768 738 4989 771 742 4990 770 736 4991 769 737 4992 770 736 4993 773 740 4994 771 742 4995 774 748 4996 773 740 4997 27 743 4998 306 745 4999 766 735 5000 306 745 5001 305 747 5002 767 739 5003 304 746 5004 768 738 5005 767 739 5006 29 604 5007 294 605 5008 768 738 5009 294 605 5010 293 622 5011 771 742 5012 293 622 5013 292 623 5014 774 748 5015 936 620 5016 25 621 5017 273 749 5018 943 750 5019 273 749 5020 272 751 5021 944 752 5022 272 751 5023 271 753 5024 945 754 5025 271 753 5026 24 755 5027 287 757 5028 769 737 5029 772 741 5030 288 744 5031 766 735 5032 769 737 5033 775 762 5034 776 765 5035 779 763 5036 776 765 5037 777 772 5038 780 766 5039 778 764 5040 779 763 5041 782 767 5042 779 763 5043 780 766 5044 783 769 5045 28 384 5046 303 770 5047 775 762 5048 303 770 5049 302 771 5050 776 765 5051 302 771 5052 301 773 5053 777 772 5054 301 773 5055 27 743 5056 288 744 5057 777 772 5058 288 744 5059 287 757 5060 780 766 5061 287 757 5062 286 758 5063 935 756 5064 24 755 5065 282 774 5066 946 775 5067 282 774 5068 281 776 5069 947 777 5070 281 776 5071 280 778 5072 948 779 5073 280 778 5074 9 681 5075 167 583 5076 778 764 5077 781 768 5078 166 582 5079 775 762 5080 778 764 5081 785 780 5082 788 784 5083 787 781 5084 786 783 5085 789 786 5086 788 784 5087 788 784 5088 791 787 5089 790 785 5090 789 786 5091 792 791 5092 791 787 5093 300 788 5094 784 782 5095 250 610 5096 299 789 5097 785 780 5098 784 782 5099 298 790 5100 786 783 5101 785 780 5102 26 388 5103 157 579 5104 786 783 5105 157 579 5106 158 595 5107 789 786 5108 158 595 5109 159 594 5110 792 791 5111 949 792 5112 932 592 5113 8 593 5114 950 794 5115 949 792 5116 265 793 5117 951 796 5118 950 794 5119 266 795 5120 934 798 5121 951 796 5122 267 797 5123 787 781 5124 790 785 5125 252 799 5126 784 782 5127 787 781 5128 251 611 5129 793 800 5130 794 803 5131 797 801 5132 794 803 5133 795 810 5134 798 804 5135 797 801 5136 800 806 5137 799 805 5138 798 804 5139 801 812 5140 800 806 5141 33 701 5142 333 808 5143 793 800 5144 333 808 5145 332 809 5146 794 803 5147 332 809 5148 331 811 5149 795 810 5150 331 811 5151 34 717 5152 324 716 5153 795 810 5154 324 716 5155 323 734 5156 323 734 5157 322 733 5158 801 812 5159 996 732 5160 23 731 5161 261 813 5162 1003 814 5163 261 813 5164 260 815 5165 1004 816 5166 260 815 5167 259 817 5168 1005 818 5169 259 817 5170 7 676 5171 796 802 5172 799 805 5173 319 820 5174 321 807 5175 793 800 5176 796 802 5177 802 822 5178 803 825 5179 806 823 5180 803 825 5181 804 832 5182 807 826 5183 805 824 5184 806 823 5185 809 827 5186 806 823 5187 807 826 5188 810 829 5189 35 720 5190 330 830 5191 802 822 5192 330 830 5193 329 831 5194 803 825 5195 329 831 5196 328 833 5197 804 832 5198 328 833 5199 32 634 5200 318 633 5201 804 832 5202 318 633 5203 317 650 5204 807 826 5205 317 650 5206 316 651 5207 1006 834 5208 994 648 5209 21 649 5210 1007 836 5211 1006 834 5212 277 835 5213 1008 838 5214 1007 836 5215 278 837 5216 993 724 5217 1008 838 5218 279 839 5219 246 722 5220 805 824 5221 808 828 5222 245 721 5223 802 822 5224 805 824 5225 982 842 5226 962 844 5227 961 843 5228 962 844 5229 982 842 5230 976 845 5231 960 685 5232 961 843 5233 815 847 5234 961 843 5235 962 844 5236 816 849 5237 259 817 5238 811 851 5239 175 850 5240 260 815 5241 812 852 5242 811 851 5243 261 813 5244 813 853 5245 812 852 5246 23 731 5247 258 897 5248 813 853 5249 980 686 5250 960 685 5251 952 854 5252 962 844 5253 956 846 5254 257 855 5255 816 849 5256 257 855 5257 22 614 5258 815 847 5259 816 849 5260 267 797 5261 814 848 5262 815 847 5263 266 795 5264 176 680 5265 814 848 5266 265 793 5267 952 854 5268 960 685 5269 814 848 5270 964 856 5271 963 862 5272 983 857 5273 965 859 5274 964 856 5275 984 858 5276 953 683 5277 965 859 5278 985 860 5279 964 856 5280 822 863 5281 821 861 5282 965 859 5283 823 869 5284 822 863 5285 21 649 5286 276 647 5287 818 864 5288 276 647 5289 275 645 5290 819 866 5291 275 645 5292 274 643 5293 820 867 5294 274 643 5295 6 642 5296 248 671 5297 963 862 5298 954 871 5299 974 868 5300 953 683 5301 249 682 5302 823 869 5303 249 682 5304 9 681 5305 280 778 5306 823 869 5307 280 778 5308 281 776 5309 822 863 5310 281 776 5311 282 774 5312 821 861 5313 282 774 5314 24 755 5315 963 862 5316 821 861 5317 254 870 5318 967 872 5319 966 878 5320 986 873 5321 968 875 5322 967 872 5323 987 874 5324 954 871 5325 968 875 5326 988 876 5327 967 872 5328 828 879 5329 827 877 5330 968 875 5331 829 885 5332 828 879 5333 20 840 5334 279 839 5335 824 880 5336 279 839 5337 278 837 5338 825 882 5339 278 837 5340 277 835 5341 826 883 5342 277 835 5343 21 649 5344 253 865 5345 966 878 5346 955 887 5347 975 884 5348 954 871 5349 254 870 5350 829 885 5351 254 870 5352 24 755 5353 271 753 5354 829 885 5355 271 753 5356 272 751 5357 828 879 5358 272 751 5359 273 749 5360 827 877 5361 273 749 5362 25 621 5363 966 878 5364 827 877 5365 256 886 5366 990 888 5367 970 892 5368 969 889 5369 991 891 5370 971 893 5371 970 892 5372 975 884 5373 955 887 5374 971 893 5375 969 889 5376 970 892 5377 834 894 5378 970 892 5379 971 893 5380 835 896 5381 270 729 5382 830 898 5383 258 897 5384 269 727 5385 831 899 5386 830 898 5387 268 725 5388 832 900 5389 831 899 5390 20 840 5391 255 881 5392 832 900 5393 989 890 5394 969 889 5395 956 846 5396 971 893 5397 955 887 5398 256 886 5399 835 896 5400 256 886 5401 25 621 5402 834 894 5403 835 896 5404 262 619 5405 833 895 5406 834 894 5407 263 617 5408 257 855 5409 833 895 5410 264 615 5411 956 846 5412 969 889 5413 833 895 5414 837 901 5415 840 905 5416 839 902 5417 837 901 5418 838 908 5419 841 904 5420 839 902 5421 840 905 5422 843 906 5423 841 904 5424 844 913 5425 843 906 5426 321 807 5427 836 903 5428 334 702 5429 320 821 5430 837 901 5431 836 903 5432 320 821 5433 319 820 5434 838 908 5435 995 819 5436 7 676 5437 174 674 5438 1009 909 5439 174 674 5440 173 675 5441 173 675 5442 172 672 5443 1011 911 5444 172 672 5445 6 642 5446 992 912 5447 844 913 5448 165 640 5449 164 914 5450 842 907 5451 843 906 5452 164 914 5453 336 704 5454 842 907 5455 163 638 5456 335 703 5457 839 902 5458 842 907 5459 836 903 5460 839 902 5461 335 703 5462 846 915 5463 849 919 5464 848 916 5465 847 918 5466 850 921 5467 849 919 5468 849 919 5469 852 922 5470 851 920 5471 850 921 5472 853 924 5473 852 922 5474 195 654 5475 845 917 5476 295 923 5477 196 653 5478 846 915 5479 845 917 5480 197 652 5481 847 918 5482 846 915 5483 14 393 5484 283 391 5485 847 918 5486 283 391 5487 284 390 5488 850 921 5489 284 390 5490 285 389 5491 853 924 5492 285 389 5493 26 388 5494 298 790 5495 853 924 5496 298 790 5497 299 789 5498 852 922 5499 299 789 5500 300 788 5501 851 920 5502 300 788 5503 30 609 5504 848 916 5505 851 920 5506 297 925 5507 845 917 5508 848 916 5509 296 926 5510 854 927 5511 855 930 5512 858 928 5513 855 930 5514 856 935 5515 859 931 5516 857 929 5517 858 928 5518 861 932 5519 858 928 5520 859 931 5521 862 934 5522 11 381 5523 188 759 5524 854 927 5525 188 759 5526 187 761 5527 855 930 5528 187 761 5529 186 760 5530 856 935 5531 186 760 5532 10 564 5533 162 936 5534 856 935 5535 162 936 5536 161 937 5537 859 931 5538 161 937 5539 160 938 5540 862 934 5541 160 938 5542 27 743 5543 861 932 5544 862 934 5545 301 773 5546 860 933 5547 861 932 5548 302 771 5549 291 383 5550 860 933 5551 303 770 5552 290 382 5553 857 929 5554 860 933 5555 289 379 5556 854 927 5557 857 929 5558 863 939 5559 864 942 5560 867 940 5561 864 942 5562 865 946 5563 868 943 5564 866 941 5565 867 940 5566 870 944 5567 868 943 5568 871 949 5569 870 944 5570 10 564 5571 192 563 5572 863 939 5573 192 563 5574 193 558 5575 864 942 5576 193 558 5577 194 555 5578 865 946 5579 194 555 5580 12 553 5581 182 947 5582 865 946 5583 182 947 5584 181 948 5585 181 948 5586 180 950 5587 871 949 5588 180 950 5589 29 604 5590 304 746 5591 871 949 5592 304 746 5593 305 747 5594 870 944 5595 305 747 5596 306 745 5597 160 938 5598 869 945 5599 306 745 5600 161 937 5601 866 941 5602 869 945 5603 162 936 5604 863 939 5605 866 941 5606 873 951 5607 876 955 5608 875 952 5609 874 954 5610 877 958 5611 876 955 5612 875 952 5613 876 955 5614 879 956 5615 877 958 5616 880 959 5617 879 956 5618 201 530 5619 872 953 5620 182 947 5621 202 528 5622 873 951 5623 872 953 5624 203 552 5625 874 954 5626 873 951 5627 13 566 5628 295 923 5629 874 954 5630 295 923 5631 296 926 5632 877 958 5633 296 926 5634 297 925 5635 880 959 5636 297 925 5637 30 609 5638 310 607 5639 879 956 5640 880 959 5641 310 607 5642 878 957 5643 879 956 5644 311 608 5645 180 950 5646 878 957 5647 312 606 5648 181 948 5649 875 952 5650 878 957 5651 872 953 5652 875 952 5653 181 948 5654 882 960 5655 885 964 5656 884 961 5657 883 963 5658 886 970 5659 885 964 5660 884 961 5661 885 964 5662 888 965 5663 885 964 5664 886 970 5665 889 967 5666 231 557 5667 881 962 5668 325 968 5669 232 556 5670 882 960 5671 881 962 5672 233 559 5673 883 963 5674 882 960 5675 15 562 5676 179 969 5677 883 963 5678 179 969 5679 178 971 5680 886 970 5681 178 971 5682 177 1004 5683 889 967 5684 889 967 5685 177 1004 5686 32 634 5687 888 965 5688 889 967 5689 328 833 5690 887 966 5691 888 965 5692 329 831 5693 327 972 5694 887 966 5695 330 830 5696 326 973 5697 884 961 5698 887 966 5699 881 962 5700 884 961 5701 326 973 5702 890 974 5703 891 977 5704 894 975 5705 891 977 5706 892 982 5707 895 978 5708 893 976 5709 894 975 5710 897 979 5711 894 975 5712 895 978 5713 898 981 5714 19 568 5715 224 660 5716 890 974 5717 224 660 5718 223 659 5719 891 977 5720 223 659 5721 222 658 5722 892 982 5723 222 658 5724 18 551 5725 191 983 5726 892 982 5727 191 983 5728 190 984 5729 895 978 5730 190 984 5731 189 985 5732 189 985 5733 34 717 5734 331 811 5735 897 979 5736 898 981 5737 331 811 5738 896 980 5739 897 979 5740 332 809 5741 183 700 5742 896 980 5743 333 808 5744 184 699 5745 893 976 5746 896 980 5747 185 698 5748 890 974 5749 893 976 5750 899 986 5751 900 989 5752 903 987 5753 900 989 5754 901 993 5755 904 990 5756 903 987 5757 906 992 5758 905 991 5759 904 990 5760 907 994 5761 906 992 5762 18 551 5763 228 527 5764 899 986 5765 228 527 5766 229 529 5767 900 989 5768 229 529 5769 230 531 5770 901 993 5771 230 531 5772 17 554 5773 325 968 5774 901 993 5775 325 968 5776 326 973 5777 326 973 5778 327 972 5779 907 994 5780 327 972 5781 35 720 5782 337 719 5783 907 994 5784 337 719 5785 338 718 5786 906 992 5787 338 718 5788 339 715 5789 905 991 5790 339 715 5791 34 717 5792 190 984 5793 902 988 5794 905 991 5795 191 983 5796 899 986 5797 902 988 5798 909 995 5799 912 999 5800 911 996 5801 910 998 5802 913 1001 5803 912 999 5804 912 999 5805 915 1002 5806 914 1000 5807 913 1001 5808 916 1003 5809 915 1002 5810 234 655 5811 908 997 5812 179 969 5813 235 657 5814 909 995 5815 908 997 5816 236 656 5817 910 998 5818 909 995 5819 16 534 5820 313 695 5821 910 998 5822 313 695 5823 314 706 5824 913 1001 5825 314 706 5826 315 705 5827 916 1003 5828 315 705 5829 31 637 5830 340 636 5831 916 1003 5832 340 636 5833 341 635 5834 915 1002 5835 341 635 5836 342 632 5837 177 1004 5838 914 1000 5839 342 632 5840 911 996 5841 914 1000 5842 177 1004 5843 908 997 5844 911 996 5845 178 971 5846 241 532 5847 242 495 5848 919 450 5849 243 533 5850 241 532 5851 920 1005 5852 731 432 5853 732 87 5854 383 77 5855 4 402 5856 151 514 5857 918 567 5858 151 514 5859 152 516 5860 920 1005 5861 925 1008 5862 928 546 5863 927 547 5864 929 548 5865 928 546 5866 925 1008 5867 346 549 5868 929 548 5869 926 1010 5870 11 381 5871 200 380 5872 924 1009 5873 200 380 5874 199 394 5875 925 1008 5876 198 392 5877 926 1010 5878 925 1008 5879 14 393 5880 345 1007 5881 926 1010 5882 924 1009 5883 927 547 5884 344 550 5885 252 799 5886 790 785 5887 951 796 5888 790 785 5889 791 787 5890 950 794 5891 791 787 5892 792 791 5893 949 792 5894 792 791 5895 159 594 5896 932 592 5897 781 768 5898 948 779 5899 933 585 5900 782 767 5901 947 777 5902 948 779 5903 783 769 5904 946 775 5905 947 777 5906 286 758 5907 935 756 5908 946 775 5909 772 741 5910 945 754 5911 935 756 5912 773 740 5913 944 752 5914 945 754 5915 774 748 5916 943 750 5917 944 752 5918 292 623 5919 936 620 5920 943 750 5921 292 623 5922 702 602 5923 942 618 5924 702 602 5925 703 601 5926 941 616 5927 703 601 5928 704 612 5929 940 613 5930 704 612 5931 252 799 5932 934 798 5933 159 594 5934 692 576 5935 939 590 5936 692 576 5937 693 578 5938 938 589 5939 694 577 5940 937 587 5941 938 589 5942 168 584 5943 933 585 5944 937 587 5945 830 898 5946 989 890 5947 976 845 5948 255 881 5949 975 884 5950 991 891 5951 832 900 5952 991 891 5953 990 888 5954 831 899 5955 990 888 5956 989 890 5957 255 881 5958 824 880 5959 986 873 5960 826 883 5961 253 865 5962 974 868 5963 825 882 5964 826 883 5965 988 876 5966 824 880 5967 825 882 5968 987 874 5969 253 865 5970 818 864 5971 983 857 5972 820 867 5973 248 671 5974 973 678 5975 819 866 5976 820 867 5977 985 860 5978 818 864 5979 819 866 5980 984 858 5981 811 851 5982 980 686 5983 972 664 5984 258 897 5985 976 845 5986 982 842 5987 813 853 5988 982 842 5989 981 684 5990 812 852 5991 981 684 5992 980 686 5993 248 671 5994 742 670 5995 977 679 5996 175 850 5997 972 664 5998 979 661 5999 744 677 6000 979 661 6001 978 663 6002 742 670 6003 743 673 6004 978 663 6005 1011 911 6006 992 912 6007 165 640 6008 1010 910 6009 1011 911 6010 844 913 6011 838 908 6012 1009 909 6013 1010 910 6014 319 820 6015 995 819 6016 1009 909 6017 247 841 6018 808 828 6019 1008 838 6020 808 828 6021 809 827 6022 1007 836 6023 809 827 6024 810 829 6025 1006 834 6026 810 829 6027 316 651 6028 994 648 6029 799 805 6030 1005 818 6031 995 819 6032 800 806 6033 1004 816 6034 1005 818 6035 801 812 6036 1003 814 6037 1004 816 6038 322 733 6039 996 732 6040 1003 814 6041 763 712 6042 1002 730 6043 996 732 6044 764 714 6045 1001 728 6046 1002 730 6047 765 723 6048 1000 726 6049 1001 728 6050 247 841 6051 993 724 6052 1000 726 6053 316 651 6054 711 630 6055 999 646 6056 711 630 6057 712 629 6058 998 644 6059 712 629 6060 713 631 6061 997 641 6062 713 631 6063 165 640 6064 992 912 6065 958 662 6066 957 667 6067 977 679 6068 594 440 6069 678 399 6070 680 85 6071</p>
        </triangles>
      </mesh>
    </geometry>
  </library_geometries>
  <library_controllers/>
  <library_visual_scenes>
    <visual_scene id="Scene" name="Scene">
      <node id="Armature" name="Armature" type="NODE">
        <matrix sid="transform">-0.06854422 1.67452e-10 9.6088e-4 -4.851424 5.66398e-4 -0.009929967 0.1160595 3.910218 2.48934e-5 0.2259363 0.005100848 0.2228362 0 0 0 1</matrix>
        <node id="Armature_Bone" name="Bone" sid="Bone" type="JOINT">
          <matrix sid="transform">1 0 0 0 0 0 -1 0 0 1 0 0 0 0 0 1</matrix>
          <node id="cup_lp" name="cup_lp" type="NODE">
            <matrix sid="transform">-27.77148 0.2294826 0.01008585 1.728722 0.1355315 16.3701 0.7194706 -0.5271759 -6.27085e-9 0.3696045 -8.409603 0.01086521 0 0 0 0.9999999</matrix>
            <instance_geometry url="#cup_lp-mesh" name="cup_lp">
              <bind_material>
                <technique_common>
                  <instance_material symbol="cup-material" target="#cup-material">
                    <bind_vertex_input semantic="cup_lp-mesh-map-0" input_semantic="TEXCOORD" input_set="0"/>
                  </instance_material>
                </technique_common>
              </bind_material>
            </instance_geometry>
          </node>
          <extra>
            <technique profile="blender">
              <collections type="string">Bones</collections>
              <tip_x sid="tip_x" type="float">0</tip_x>
              <tip_y sid="tip_y" type="float">0</tip_y>
              <tip_z sid="tip_z" type="float">1</tip_z>
            </technique>
          </extra>
        </node>
        <extra>
          <technique profile="blender">
            <collections sid="collections" type="string">Bones</collections>
            <visible_collections sid="visible_collections" type="string">Bones</visible_collections>
            <active_collection sid="active_collection" type="string">Bones</active_collection>
          </technique>
        </extra>
      </node>
      <node id="Light_001" name="Light.001" type="NODE">
        <matrix sid="transform">-0.2908645 -0.7711007 0.5663934 4.076245 -0.05518902 0.6045248 0.7946722 5.903862 -0.9551712 0.1998832 -0.2183911 -1.005454 0 0 0 1</matrix>
        <instance_light url="#Light_001-light"/>
      </node>
      <node id="Camera_001" name="Camera.001" type="NODE">
        <matrix sid="transform">0.6859208 -0.3240134 0.6515582 7.358891 4.15377e-8 0.8953956 0.4452714 4.958309 -0.7276763 -0.3054209 0.6141705 6.925791 0 0 0 1</matrix>
        <instance_camera url="#Camera_001-camera"/>
      </node>
      <node id="Camera" name="Camera" type="NODE">
        <matrix sid="transform">0.6859207 -0.3240135 0.6515582 7.358891 0.7276763 0.3054208 -0.6141704 -6.925791 0 0.8953956 0.4452714 4.958309 0 0 0 1</matrix>
        <instance_camera url="#Camera-camera"/>
      </node>
      <node id="Light" name="Light" type="NODE">
        <matrix sid="transform">-0.2908646 -0.7711008 0.5663932 4.076245 0.9551712 -0.1998834 0.2183912 1.005454 -0.05518906 0.6045247 0.7946723 5.903862 0 0 0 1</matrix>
        <instance_light url="#Light-light"/>
      </node>
    </visual_scene>
  </library_visual_scenes>
  <scene>
    <instance_visual_scene url="#Scene"/>
  </scene>
</COLLADA>